protein,label
MEETMKLATMEDTVEYCLFLIPDESRDSDKHKEILQKYIERIITRFAPMLVPYIWQNQPFNLKYKPGKGGVPAHMFGVTKFGDNIEDEWFIVYVIKQITKEFPELVARIEDNDGEFLLIEAADFLPKWLDPENSTNRVFFCHGELCIIPAPRKSGAESWLPTTPPTIPQALNIITAHSEKILASESIRAAVNRRIRGYPEKIQASLHRAHCFLPAGIVAVLKQRPRLVAAAVQAFYLRDPIDLRACRVFKTFLPETRIMTSVTFTKCLYAQLVQQRFVPDRRSGYRLPPPSDPQYRAHELGMKLAHGFEILCSKCSPHFSDCKKSLVTASPLWASFLESLKKNDYFKGLIEGSAQYRERLEMAENYFQLSVDWPESSLAMSPGEEILTLLQTIPFDIEDLKKEAANLPPEDDDQWLDLSPDQLDQLLQEAVGKKESESVSKEEKEQNYDLTEVSESMKAFISKVSTHKGAELPREPSEAPITFDADSFLNYFDKILGPRPNESDSDDLDDEDFECLDSDDDLDFETHEPGEEASLKGTLDNLKSYMAQMDQELAHTCISKSFTTRNQVEPVSQTTDNNSDEEDSGTGESVMAPVDVDLNLVSNILESYSSQAGLAGPASNLLQSMGVQLPDNTDHRPTSKPTKN,1
MAVMAPRTLLLLLSGALALTQTWAGSHSMRYFFTSVSRPGRGEPRFIAVGYVDDTQFVRFDSDAASQRMEPRAPWIEQEGPEYWDQETRNVKAQSQTDRVDLGTLRGYYNQSEAGSHTIQIMYGCDVGSDGRFLRGYRQDAYDGKDYIALNEDLRSWTAADMAAQITKRKWEAAHEAEQLRAYLDGTCVEWLRRYLENGKETLQRTDPPKTHMTHHPISDHEATLRCWALGFYPAEITLTWQRDGEDQTQDTELVETRPAGDGTFQKWAAVVVPSGEEQRYTCHVQHEGLPKPLTLRWELSSQPTIPIVGIIAGLVLLGAVITGAVVAAVMWRRKSSDRKGGSYTQAASSDSAQGSDVSLTACKV,0
MTLGRRLACLFLACVLPALLLGGTALASEIVGGRRARPHAWPFMVSLQLRGGHFCGATLIAPNFVMSAAHCVANVNVRAVRVVLGAHNLSRREPTRQVFAVQRIFENGYDPVNLLNDIVILQLNGSATINANVQVAQLPAQGRRLGNGVQCLAMGWGLLGRNRGIASVLQELNVTVVTSLCRRSNVCTLVRGRQAGVCFGDSGSPLVCNGLIHGIASFVRGGCASGLYPDAFAPVAQFVNWIDSIIQRSEDNPCPHPRDPDPASRTH,0
MEDRRAEKSCEQACESLKRQDYEMALKHCTEALLSLGQYSMADFTGPCPLEIERIKIESLLYRIASFLQLKNYVQADEDCRHVLGEGLAKGEDAFRAVLCCMQLKGKLQPVSTILAKSLTGESLNGMVTKDLTRLKTLLSETETATSNALSGYHVEDLDEGSCNGWHFRPPPRGITSSEEYTLCKRFLEQGICRYGAQCTSAHSQEELAEWQKRYASRLIKLKQQNENKQLSGSYMETLIEKWMNSLSPEKVLSECIEGVKVEHNPDLSVTVSTKKSHQTWTFALTCKPARMLYRVALLYDAHRPHFSIIAISAGDSTTQVSQEVPENCQEWIGGKMAQNGLDHYVYKVGIAFNTEIFGTFRQTIVFDFGLEPVLMQRVMIDAASTEDLEYLMHAKQQLVTTAKRWDSSSKTIIDFEPNETTDLEKSLLIRYQIPLSADQLFTQSVLDKSLTKSNYQSRLHDLLYIEEIAQYKEISKFNLKVQLQILASFMLTGVSGGAKYAQNGQLFGRFKLTETLSEDTLAGRLVMTKVNAVYLLPVPKQKLVQTQGTKEKVYEATIEEKTKEYIFLRLSRECCEELNLRPDCDTQVELQFQLNRLPLCEMHYALDRIKDNGVLFPDISMTPTIPWSPNRQWDEQLDPRLNAKQKEAVLAITTPLAIQLPPVLIIGPYGTGKTFTLAQAVKHILQQQETRILICTHSNSAADLYIKDYLHPYVEAGNPQARPLRVYFRNRWVKTVHPVVHQYCLISSAHSTFQMPQKEDILKHRVVVVTLNTSQYLCQLDLEPGFFTHILLDEAAQAMECETIMPLALATQNTRIVLAGDHMQLSPFVYSEFARERNLHVSLLDRLYEHYPAEFPCRILLCENYRSHEAIINYTSELFYEGKLMASGKQPAHKDFYPLTFFTARGEDVQEKNSTAFYNNAEVFEVVERVEELRRKWPVAWGKLDDGSIGVVTPYADQVFRIRAELRKKRLSDVNVERVLNVQGKQFRVLFLSTVRTRHTCKHKQTPIKKKEQLLEDSTEDLDYGFLSNYKLLNTAITRAQSLVAVVGDPIALCSIGRCRKFWERFIALCHENSSLHGITFEQIKAQLEALELKKTYVLNPLAPEFIPRALRLQHSGSTNKQQQSPPKGKSLHHTQNDHFQNDGIVQPNPSVLIGNPIRAYTPPPPLGPHPNLGKSPSPVQRIDPHTGTSILYVPAVYGGNVVMSVPLPVPWTGYQGRFAVDPRIITHQAAMAYNMNLLQTHGRGSPIPYGLGHHPPVTIGQPQNQHQEKDQHEQNRNGKSDTNNSGPEINKIRTPEKKPTEPKQVDLESNPQNRSPESRPSVVYPSTKFPRKDNLNPRHINLPLPAPHAQYAIPNRHFHPLPQLPRPPFPIPQQHTLLNQQQNNLPEQPNQIPPQPNQVVQQQSQLNQQPQQPPPQLSPAYQAGPNNAFFNSAVAHRPQSPPAEAVIPEQQPPPMLQEGHSPLRAIAQPGPILPSHLNSFIDENPSGLPIGEALDRIHGSVALETLRQQQARFQQWSEHHAFLSQGSAPYPHHHHPHLQHLPQPPLGLHQPPVRADWKLTSSAEDEVETTYSRFQDLIRELSHRDQSETRELAEMPPPQSRLLQYRQVQSRSPPAVPSPPSSTDHSSHFSNFNDNSRDIEVASNPAFPQRLPPQIFNSPFSLPSEHLAPPPLKYLAPDGAWTFANLQQNHLMGPGFPYGLPPLPHRPPQNPFVQIQNHQHAIGQEPFHPLSSRTVSSSSLPSLEEYEPRGPGRPLYQRRISSSSVQPCSEEVSTPQDSLAQCKELQDHSNQSSFNFSSPESWVNTTSSTPYQNIPCNGSSRTAQPRELIAPPKTVKPPEDQLKSENLEVSSSFNYSVLQHLGQFPPLMPNKQIAESANSSSPQSSAGGKPAMSYASALRAPPKPRPPPEQAKKSSDPLSLFQELSLGSSSGSNGFYSYFK,1
MLTEVMEVWHGLVIAVVSLFLQACFLTAINYLLSRHMAHKSEQILKAASLQVPRPSPGHHHPPAVKEMKETQTERDIPMSDSLYRHDSDTPSDSLDSSCSSPPACQATEDVDYTQVVFSDPGELKNDSPLDYENIKEITDYVNVNPERHKPSFWYFVNPALSEPAEYDQVAM,0
MFLSILVALCLWLHLALGVRGAPCEAVRIPMCRHMPWNITRMPNHLHHSTQENAILAIEQYEELVDVNCSAVLRFFLCAMYAPICTLEFLHDPIKPCKSVCQRARDDCEPLMKMYNHSWPESLACDELPVYDRGVCISPEAIVTDLPEDVKWIDITPDMMVQERPLDVDCKRLSPDRCKCKKVKPTLATYLSKNYSYVIHAKIKAVQRSGCNEVTTVVDVKEIFKSSSPIPRTQVPLITNSSCQCPHILPHQDVLIMCYEWRSRMMLLENCLVEKWRDQLSKRSIQWEERLQEQRRTVQDKKKTAGRTSRSNPPKPKGKPPAPKPASPKKNIKTRSAQKRTNPKRV,1
MEPPGRRECPFPSWRFPGLLLAAMVLLLYSFSDACEEPPTFEAMELIGKPKPYYEIGERVDYKCKKGYFYIPPLATHTICDRNHTWLPVSDDACYRETCPYIRDPLNGQAVPANGTYEFGYQMHFICNEGYYLIGEEILYCELKGSVAIWSGKPPICEKVLCTPPPKIKNGKHTFSEVEVFEYLDAVTYSCDPAPGPDPFSLIGESTIYCGDNSVWSRAAPECKVVKCRFPVVENGKQISGFGKKFYYKATVMFECDKGFYLDGSDTIVCDSNSTWDPPVPKCLKVLPPSSTKPPALSHSVSTSSTTKSPASSASGPRPTYKPPVSNYPGYPKPEEGILDSLDVWVIAVIVIAIVVGVAVICVVPYRYLQRRKKKGTYLTDETHREVKFTSL,0
MRQRLLPSVTSLLLVALLFPGSSQARHVNHSATEALGELRERAPGQGTNGFQLLRHAVKRDLLPPRTPPYQVHISHREARGPSFRICVDFLGPRWARGCSTGN,1
MAEHPPLLDTTQILSSDISLLSAPIVSADGTQQVILVQVNPGEAFTIRREDGQFQCITGPAQVPMMSPNGSVPPIYVPPGYAPQVIEDNGVRRVVVVPQAPEFHPGSHTVLHRSPHPPLPGFIPVPTMMPPPPRHMYSPVTGAGDMTTQYMPQYQSSQVYGDVDAHSTHGRSNFRDERSSKTYERLQKKLKDRQGTQKDKMSSPPSSPQKCPSPINEHNGLIKGQIAGGINTGSAKIKSGKGKGGTQVDTEIEEKDEETKAFEALLSNIVKPVASDIQARTVVLTWSPPSSLINGETDESSVPELYGYEVLISSTGKDGKYKSVYVGEETNITLNDLKPAMDYHAKVQAEYNSIKGTPSEAEIFTTLSCEPDIPNPPRIANRTKNSLTLQWKAPSDNGSKIQNFVLEWDEGKGNGEFCQCYMGSQKQFKITKLSPAMGCKFRLSARNDYGTSGFSEEVLYYTSGCAPSMPASPVLTKAGITWLSLQWSKPSGTPSDEGISYILEMEEETSGYGFKPKYDGEDLAYTVKNLRRSTKYKFKVIAYNSEGKSNPSEVVEFTTCPDKPGIPVKPSVKGKIHSHSFKITWDPPKDNGGATINKYVVEMAEGSNGNKWEMIYSGATREHLCDRLNPGCFYRLRVYCISDGGQSAVSESLLVQTPAVPPGPCLPPRLQGRPKAKEIQLRWGPPLVDGGSPISCYSVEMSPIEKDEPREVYQGSEVECTVSSLLPGKTYSFRLRAANKMGFGPFSEKCDITTAPGPPDQCKPPQVTCRSATCAQVNWEVPLSNGTDVTEYRLEWGGVEGSMQICYCGPGLSYEIKGLSPATTYYCRVQALSVVGAGPFSEVVACVTPPSVPGIVTCLQEISDDEIENPHYSPSTCLAISWEKPCDHGSEILAYSIDFGDKQSLTVGKVTSYIINNLQPDTTYRIRIQALNSLGAGPFSHMIKLKTKPLPPDPPRLECVAFSHQNLKLKWGEGTPKTLSTDSIQYHLQMEDKNGRFVSLYRGPCHTYKVQRLNESTSYKFCIQACNEAGEGPLSQEYIFTTPKSVPAALKAPKIEKVNDHICEITWECLQPMKGDPVIYSLQVMLGKDSEFKQIYKGPDSSFRYSSLQLNCEYRFRVCAIRQCQDSLGHQDLVGPYSTTVLFISQRTEPPASTNRDTVESTRTRRALSDEQCAAVILVLFAFFSILIAFIIQYFVIK,0
MTEQMTLRGTLKGHNGWVTQIATTPQFPDMILSASRDKTIIMWKLTRDETNYGIPQRALRGHSHFVSDVVISSDGQFALSGSWDGTLRLWDLTTGTTTRRFVGHTKDVLSVAFSSDNRQIVSGSRDKTIKLWNTLGVCKYTVQDESHSEWVSCVRFSPNSSNPIIVSCGWDKLVKVWNLANCKLKTNHIGHTGYLNTVTVSPDGSLCASGGKDGQAMLWDLNEGKHLYTLDGGDIINALCFSPNRYWLCAATGPSIKIWDLEGKIIVDELKQEVISTSSKAEPPQCTSLAWSADGQTLFAGYTDNLVRVWQVTIGTR,1
