sequence_1,sequence_2
MEETMKLATMEDTVEYCLFLIPDESRDSDKHKEILQKYIERIITRFAPMLVPYIWQNQPFNLKYKPGKGGVPAHMFGVTKFGDNIEDEWFIVYVIKQITKEFPELVARIEDNDGEFLLIEAADFLPKWLDPENSTNRVFFCHGELCIIPAPRKSGAESWLPTTPPTIPQALNIITAHSEKILASESIRAAVNRRIRGYPEKIQASLHRAHCFLPAGIVAVLKQRPRLVAAAVQAFYLRDPIDLRACRVFKTFLPETRIMTSVTFTKCLYAQLVQQRFVPDRRSGYRLPPPSDPQYRAHELGMKLAHGFEILCSKCSPHFSDCKKSLVTASPLWASFLESLKKNDYFKGLIEGSAQYRERLEMAENYFQLSVDWPESSLAMSPGEEILTLLQTIPFDIEDLKKEAANLPPEDDDQWLDLSPDQLDQLLQEAVGKKESESVSKEEKEQNYDLTEVSESMKAFISKVSTHKGAELPREPSEAPITFDADSFLNYFDKILGPRPNESDSDDLDDEDFECLDSDDDLDFETHEPGEEASLKGTLDNLKSYMAQMDQELAHTCISKSFTTRNQVEPVSQTTDNNSDEEDSGTGESVMAPVDVDLNLVSNILESYSSQAGLAGPASNLLQSMGVQLPDNTDHRPTSKPTKN,MTEQMTLRGTLKGHNGWVTQIATTPQFPDMILSASRDKTIIMWKLTRDETNYGIPQRALRGHSHFVSDVVISSDGQFALSGSWDGTLRLWDLTTGTTTRRFVGHTKDVLSVAFSSDNRQIVSGSRDKTIKLWNTLGVCKYTVQDESHSEWVSCVRFSPNSSNPIIVSCGWDKLVKVWNLANCKLKTNHIGHTGYLNTVTVSPDGSLCASGGKDGQAMLWDLNEGKHLYTLDGGDIINALCFSPNRYWLCAATGPSIKIWDLEGKIIVDELKQEVISTSSKAEPPQCTSLAWSADGQTLFAGYTDNLVRVWQVTIGTR
MAVMAPRTLLLLLSGALALTQTWAGSHSMRYFFTSVSRPGRGEPRFIAVGYVDDTQFVRFDSDAASQRMEPRAPWIEQEGPEYWDQETRNVKAQSQTDRVDLGTLRGYYNQSEAGSHTIQIMYGCDVGSDGRFLRGYRQDAYDGKDYIALNEDLRSWTAADMAAQITKRKWEAAHEAEQLRAYLDGTCVEWLRRYLENGKETLQRTDPPKTHMTHHPISDHEATLRCWALGFYPAEITLTWQRDGEDQTQDTELVETRPAGDGTFQKWAAVVVPSGEEQRYTCHVQHEGLPKPLTLRWELSSQPTIPIVGIIAGLVLLGAVITGAVVAAVMWRRKSSDRKGGSYTQAASSDSAQGSDVSLTACKV,MAEHPPLLDTTQILSSDISLLSAPIVSADGTQQVILVQVNPGEAFTIRREDGQFQCITGPAQVPMMSPNGSVPPIYVPPGYAPQVIEDNGVRRVVVVPQAPEFHPGSHTVLHRSPHPPLPGFIPVPTMMPPPPRHMYSPVTGAGDMTTQYMPQYQSSQVYGDVDAHSTHGRSNFRDERSSKTYERLQKKLKDRQGTQKDKMSSPPSSPQKCPSPINEHNGLIKGQIAGGINTGSAKIKSGKGKGGTQVDTEIEEKDEETKAFEALLSNIVKPVASDIQARTVVLTWSPPSSLINGETDESSVPELYGYEVLISSTGKDGKYKSVYVGEETNITLNDLKPAMDYHAKVQAEYNSIKGTPSEAEIFTTLSCEPDIPNPPRIANRTKNSLTLQWKAPSDNGSKIQNFVLEWDEGKGNGEFCQCYMGSQKQFKITKLSPAMGCKFRLSARNDYGTSGFSEEVLYYTSGCAPSMPASPVLTKAGITWLSLQWSKPSGTPSDEGISYILEMEEETSGYGFKPKYDGEDLAYTVKNLRRSTKYKFKVIAYNSEGKSNPSEVVEFTTCPDKPGIPVKPSVKGKIHSHSFKITWDPPKDNGGATINKYVVEMAEGSNGNKWEMIYSGATREHLCDRLNPGCFYRLRVYCISDGGQSAVSESLLVQTPAVPPGPCLPPRLQGRPKAKEIQLRWGPPLVDGGSPISCYSVEMSPIEKDEPREVYQGSEVECTVSSLLPGKTYSFRLRAANKMGFGPFSEKCDITTAPGPPDQCKPPQVTCRSATCAQVNWEVPLSNGTDVTEYRLEWGGVEGSMQICYCGPGLSYEIKGLSPATTYYCRVQALSVVGAGPFSEVVACVTPPSVPGIVTCLQEISDDEIENPHYSPSTCLAISWEKPCDHGSEILAYSIDFGDKQSLTVGKVTSYIINNLQPDTTYRIRIQALNSLGAGPFSHMIKLKTKPLPPDPPRLECVAFSHQNLKLKWGEGTPKTLSTDSIQYHLQMEDKNGRFVSLYRGPCHTYKVQRLNESTSYKFCIQACNEAGEGPLSQEYIFTTPKSVPAALKAPKIEKVNDHICEITWECLQPMKGDPVIYSLQVMLGKDSEFKQIYKGPDSSFRYSSLQLNCEYRFRVCAIRQCQDSLGHQDLVGPYSTTVLFISQRTEPPASTNRDTVESTRTRRALSDEQCAAVILVLFAFFSILIAFIIQYFVIK
MTLGRRLACLFLACVLPALLLGGTALASEIVGGRRARPHAWPFMVSLQLRGGHFCGATLIAPNFVMSAAHCVANVNVRAVRVVLGAHNLSRREPTRQVFAVQRIFENGYDPVNLLNDIVILQLNGSATINANVQVAQLPAQGRRLGNGVQCLAMGWGLLGRNRGIASVLQELNVTVVTSLCRRSNVCTLVRGRQAGVCFGDSGSPLVCNGLIHGIASFVRGGCASGLYPDAFAPVAQFVNWIDSIIQRSEDNPCPHPRDPDPASRTH,MRQRLLPSVTSLLLVALLFPGSSQARHVNHSATEALGELRERAPGQGTNGFQLLRHAVKRDLLPPRTPPYQVHISHREARGPSFRICVDFLGPRWARGCSTGN
MEDRRAEKSCEQACESLKRQDYEMALKHCTEALLSLGQYSMADFTGPCPLEIERIKIESLLYRIASFLQLKNYVQADEDCRHVLGEGLAKGEDAFRAVLCCMQLKGKLQPVSTILAKSLTGESLNGMVTKDLTRLKTLLSETETATSNALSGYHVEDLDEGSCNGWHFRPPPRGITSSEEYTLCKRFLEQGICRYGAQCTSAHSQEELAEWQKRYASRLIKLKQQNENKQLSGSYMETLIEKWMNSLSPEKVLSECIEGVKVEHNPDLSVTVSTKKSHQTWTFALTCKPARMLYRVALLYDAHRPHFSIIAISAGDSTTQVSQEVPENCQEWIGGKMAQNGLDHYVYKVGIAFNTEIFGTFRQTIVFDFGLEPVLMQRVMIDAASTEDLEYLMHAKQQLVTTAKRWDSSSKTIIDFEPNETTDLEKSLLIRYQIPLSADQLFTQSVLDKSLTKSNYQSRLHDLLYIEEIAQYKEISKFNLKVQLQILASFMLTGVSGGAKYAQNGQLFGRFKLTETLSEDTLAGRLVMTKVNAVYLLPVPKQKLVQTQGTKEKVYEATIEEKTKEYIFLRLSRECCEELNLRPDCDTQVELQFQLNRLPLCEMHYALDRIKDNGVLFPDISMTPTIPWSPNRQWDEQLDPRLNAKQKEAVLAITTPLAIQLPPVLIIGPYGTGKTFTLAQAVKHILQQQETRILICTHSNSAADLYIKDYLHPYVEAGNPQARPLRVYFRNRWVKTVHPVVHQYCLISSAHSTFQMPQKEDILKHRVVVVTLNTSQYLCQLDLEPGFFTHILLDEAAQAMECETIMPLALATQNTRIVLAGDHMQLSPFVYSEFARERNLHVSLLDRLYEHYPAEFPCRILLCENYRSHEAIINYTSELFYEGKLMASGKQPAHKDFYPLTFFTARGEDVQEKNSTAFYNNAEVFEVVERVEELRRKWPVAWGKLDDGSIGVVTPYADQVFRIRAELRKKRLSDVNVERVLNVQGKQFRVLFLSTVRTRHTCKHKQTPIKKKEQLLEDSTEDLDYGFLSNYKLLNTAITRAQSLVAVVGDPIALCSIGRCRKFWERFIALCHENSSLHGITFEQIKAQLEALELKKTYVLNPLAPEFIPRALRLQHSGSTNKQQQSPPKGKSLHHTQNDHFQNDGIVQPNPSVLIGNPIRAYTPPPPLGPHPNLGKSPSPVQRIDPHTGTSILYVPAVYGGNVVMSVPLPVPWTGYQGRFAVDPRIITHQAAMAYNMNLLQTHGRGSPIPYGLGHHPPVTIGQPQNQHQEKDQHEQNRNGKSDTNNSGPEINKIRTPEKKPTEPKQVDLESNPQNRSPESRPSVVYPSTKFPRKDNLNPRHINLPLPAPHAQYAIPNRHFHPLPQLPRPPFPIPQQHTLLNQQQNNLPEQPNQIPPQPNQVVQQQSQLNQQPQQPPPQLSPAYQAGPNNAFFNSAVAHRPQSPPAEAVIPEQQPPPMLQEGHSPLRAIAQPGPILPSHLNSFIDENPSGLPIGEALDRIHGSVALETLRQQQARFQQWSEHHAFLSQGSAPYPHHHHPHLQHLPQPPLGLHQPPVRADWKLTSSAEDEVETTYSRFQDLIRELSHRDQSETRELAEMPPPQSRLLQYRQVQSRSPPAVPSPPSSTDHSSHFSNFNDNSRDIEVASNPAFPQRLPPQIFNSPFSLPSEHLAPPPLKYLAPDGAWTFANLQQNHLMGPGFPYGLPPLPHRPPQNPFVQIQNHQHAIGQEPFHPLSSRTVSSSSLPSLEEYEPRGPGRPLYQRRISSSSVQPCSEEVSTPQDSLAQCKELQDHSNQSSFNFSSPESWVNTTSSTPYQNIPCNGSSRTAQPRELIAPPKTVKPPEDQLKSENLEVSSSFNYSVLQHLGQFPPLMPNKQIAESANSSSPQSSAGGKPAMSYASALRAPPKPRPPPEQAKKSSDPLSLFQELSLGSSSGSNGFYSYFK,MEPPGRRECPFPSWRFPGLLLAAMVLLLYSFSDACEEPPTFEAMELIGKPKPYYEIGERVDYKCKKGYFYIPPLATHTICDRNHTWLPVSDDACYRETCPYIRDPLNGQAVPANGTYEFGYQMHFICNEGYYLIGEEILYCELKGSVAIWSGKPPICEKVLCTPPPKIKNGKHTFSEVEVFEYLDAVTYSCDPAPGPDPFSLIGESTIYCGDNSVWSRAAPECKVVKCRFPVVENGKQISGFGKKFYYKATVMFECDKGFYLDGSDTIVCDSNSTWDPPVPKCLKVLPPSSTKPPALSHSVSTSSTTKSPASSASGPRPTYKPPVSNYPGYPKPEEGILDSLDVWVIAVIVIAIVVGVAVICVVPYRYLQRRKKKGTYLTDETHREVKFTSL
MLTEVMEVWHGLVIAVVSLFLQACFLTAINYLLSRHMAHKSEQILKAASLQVPRPSPGHHHPPAVKEMKETQTERDIPMSDSLYRHDSDTPSDSLDSSCSSPPACQATEDVDYTQVVFSDPGELKNDSPLDYENIKEITDYVNVNPERHKPSFWYFVNPALSEPAEYDQVAM,MFLSILVALCLWLHLALGVRGAPCEAVRIPMCRHMPWNITRMPNHLHHSTQENAILAIEQYEELVDVNCSAVLRFFLCAMYAPICTLEFLHDPIKPCKSVCQRARDDCEPLMKMYNHSWPESLACDELPVYDRGVCISPEAIVTDLPEDVKWIDITPDMMVQERPLDVDCKRLSPDRCKCKKVKPTLATYLSKNYSYVIHAKIKAVQRSGCNEVTTVVDVKEIFKSSSPIPRTQVPLITNSSCQCPHILPHQDVLIMCYEWRSRMMLLENCLVEKWRDQLSKRSIQWEERLQEQRRTVQDKKKTAGRTSRSNPPKPKGKPPAPKPASPKKNIKTRSAQKRTNPKRV
MFLSILVALCLWLHLALGVRGAPCEAVRIPMCRHMPWNITRMPNHLHHSTQENAILAIEQYEELVDVNCSAVLRFFLCAMYAPICTLEFLHDPIKPCKSVCQRARDDCEPLMKMYNHSWPESLACDELPVYDRGVCISPEAIVTDLPEDVKWIDITPDMMVQERPLDVDCKRLSPDRCKCKKVKPTLATYLSKNYSYVIHAKIKAVQRSGCNEVTTVVDVKEIFKSSSPIPRTQVPLITNSSCQCPHILPHQDVLIMCYEWRSRMMLLENCLVEKWRDQLSKRSIQWEERLQEQRRTVQDKKKTAGRTSRSNPPKPKGKPPAPKPASPKKNIKTRSAQKRTNPKRV,MLTEVMEVWHGLVIAVVSLFLQACFLTAINYLLSRHMAHKSEQILKAASLQVPRPSPGHHHPPAVKEMKETQTERDIPMSDSLYRHDSDTPSDSLDSSCSSPPACQATEDVDYTQVVFSDPGELKNDSPLDYENIKEITDYVNVNPERHKPSFWYFVNPALSEPAEYDQVAM
MEPPGRRECPFPSWRFPGLLLAAMVLLLYSFSDACEEPPTFEAMELIGKPKPYYEIGERVDYKCKKGYFYIPPLATHTICDRNHTWLPVSDDACYRETCPYIRDPLNGQAVPANGTYEFGYQMHFICNEGYYLIGEEILYCELKGSVAIWSGKPPICEKVLCTPPPKIKNGKHTFSEVEVFEYLDAVTYSCDPAPGPDPFSLIGESTIYCGDNSVWSRAAPECKVVKCRFPVVENGKQISGFGKKFYYKATVMFECDKGFYLDGSDTIVCDSNSTWDPPVPKCLKVLPPSSTKPPALSHSVSTSSTTKSPASSASGPRPTYKPPVSNYPGYPKPEEGILDSLDVWVIAVIVIAIVVGVAVICVVPYRYLQRRKKKGTYLTDETHREVKFTSL,MEDRRAEKSCEQACESLKRQDYEMALKHCTEALLSLGQYSMADFTGPCPLEIERIKIESLLYRIASFLQLKNYVQADEDCRHVLGEGLAKGEDAFRAVLCCMQLKGKLQPVSTILAKSLTGESLNGMVTKDLTRLKTLLSETETATSNALSGYHVEDLDEGSCNGWHFRPPPRGITSSEEYTLCKRFLEQGICRYGAQCTSAHSQEELAEWQKRYASRLIKLKQQNENKQLSGSYMETLIEKWMNSLSPEKVLSECIEGVKVEHNPDLSVTVSTKKSHQTWTFALTCKPARMLYRVALLYDAHRPHFSIIAISAGDSTTQVSQEVPENCQEWIGGKMAQNGLDHYVYKVGIAFNTEIFGTFRQTIVFDFGLEPVLMQRVMIDAASTEDLEYLMHAKQQLVTTAKRWDSSSKTIIDFEPNETTDLEKSLLIRYQIPLSADQLFTQSVLDKSLTKSNYQSRLHDLLYIEEIAQYKEISKFNLKVQLQILASFMLTGVSGGAKYAQNGQLFGRFKLTETLSEDTLAGRLVMTKVNAVYLLPVPKQKLVQTQGTKEKVYEATIEEKTKEYIFLRLSRECCEELNLRPDCDTQVELQFQLNRLPLCEMHYALDRIKDNGVLFPDISMTPTIPWSPNRQWDEQLDPRLNAKQKEAVLAITTPLAIQLPPVLIIGPYGTGKTFTLAQAVKHILQQQETRILICTHSNSAADLYIKDYLHPYVEAGNPQARPLRVYFRNRWVKTVHPVVHQYCLISSAHSTFQMPQKEDILKHRVVVVTLNTSQYLCQLDLEPGFFTHILLDEAAQAMECETIMPLALATQNTRIVLAGDHMQLSPFVYSEFARERNLHVSLLDRLYEHYPAEFPCRILLCENYRSHEAIINYTSELFYEGKLMASGKQPAHKDFYPLTFFTARGEDVQEKNSTAFYNNAEVFEVVERVEELRRKWPVAWGKLDDGSIGVVTPYADQVFRIRAELRKKRLSDVNVERVLNVQGKQFRVLFLSTVRTRHTCKHKQTPIKKKEQLLEDSTEDLDYGFLSNYKLLNTAITRAQSLVAVVGDPIALCSIGRCRKFWERFIALCHENSSLHGITFEQIKAQLEALELKKTYVLNPLAPEFIPRALRLQHSGSTNKQQQSPPKGKSLHHTQNDHFQNDGIVQPNPSVLIGNPIRAYTPPPPLGPHPNLGKSPSPVQRIDPHTGTSILYVPAVYGGNVVMSVPLPVPWTGYQGRFAVDPRIITHQAAMAYNMNLLQTHGRGSPIPYGLGHHPPVTIGQPQNQHQEKDQHEQNRNGKSDTNNSGPEINKIRTPEKKPTEPKQVDLESNPQNRSPESRPSVVYPSTKFPRKDNLNPRHINLPLPAPHAQYAIPNRHFHPLPQLPRPPFPIPQQHTLLNQQQNNLPEQPNQIPPQPNQVVQQQSQLNQQPQQPPPQLSPAYQAGPNNAFFNSAVAHRPQSPPAEAVIPEQQPPPMLQEGHSPLRAIAQPGPILPSHLNSFIDENPSGLPIGEALDRIHGSVALETLRQQQARFQQWSEHHAFLSQGSAPYPHHHHPHLQHLPQPPLGLHQPPVRADWKLTSSAEDEVETTYSRFQDLIRELSHRDQSETRELAEMPPPQSRLLQYRQVQSRSPPAVPSPPSSTDHSSHFSNFNDNSRDIEVASNPAFPQRLPPQIFNSPFSLPSEHLAPPPLKYLAPDGAWTFANLQQNHLMGPGFPYGLPPLPHRPPQNPFVQIQNHQHAIGQEPFHPLSSRTVSSSSLPSLEEYEPRGPGRPLYQRRISSSSVQPCSEEVSTPQDSLAQCKELQDHSNQSSFNFSSPESWVNTTSSTPYQNIPCNGSSRTAQPRELIAPPKTVKPPEDQLKSENLEVSSSFNYSVLQHLGQFPPLMPNKQIAESANSSSPQSSAGGKPAMSYASALRAPPKPRPPPEQAKKSSDPLSLFQELSLGSSSGSNGFYSYFK
MRQRLLPSVTSLLLVALLFPGSSQARHVNHSATEALGELRERAPGQGTNGFQLLRHAVKRDLLPPRTPPYQVHISHREARGPSFRICVDFLGPRWARGCSTGN,MTLGRRLACLFLACVLPALLLGGTALASEIVGGRRARPHAWPFMVSLQLRGGHFCGATLIAPNFVMSAAHCVANVNVRAVRVVLGAHNLSRREPTRQVFAVQRIFENGYDPVNLLNDIVILQLNGSATINANVQVAQLPAQGRRLGNGVQCLAMGWGLLGRNRGIASVLQELNVTVVTSLCRRSNVCTLVRGRQAGVCFGDSGSPLVCNGLIHGIASFVRGGCASGLYPDAFAPVAQFVNWIDSIIQRSEDNPCPHPRDPDPASRTH
MAEHPPLLDTTQILSSDISLLSAPIVSADGTQQVILVQVNPGEAFTIRREDGQFQCITGPAQVPMMSPNGSVPPIYVPPGYAPQVIEDNGVRRVVVVPQAPEFHPGSHTVLHRSPHPPLPGFIPVPTMMPPPPRHMYSPVTGAGDMTTQYMPQYQSSQVYGDVDAHSTHGRSNFRDERSSKTYERLQKKLKDRQGTQKDKMSSPPSSPQKCPSPINEHNGLIKGQIAGGINTGSAKIKSGKGKGGTQVDTEIEEKDEETKAFEALLSNIVKPVASDIQARTVVLTWSPPSSLINGETDESSVPELYGYEVLISSTGKDGKYKSVYVGEETNITLNDLKPAMDYHAKVQAEYNSIKGTPSEAEIFTTLSCEPDIPNPPRIANRTKNSLTLQWKAPSDNGSKIQNFVLEWDEGKGNGEFCQCYMGSQKQFKITKLSPAMGCKFRLSARNDYGTSGFSEEVLYYTSGCAPSMPASPVLTKAGITWLSLQWSKPSGTPSDEGISYILEMEEETSGYGFKPKYDGEDLAYTVKNLRRSTKYKFKVIAYNSEGKSNPSEVVEFTTCPDKPGIPVKPSVKGKIHSHSFKITWDPPKDNGGATINKYVVEMAEGSNGNKWEMIYSGATREHLCDRLNPGCFYRLRVYCISDGGQSAVSESLLVQTPAVPPGPCLPPRLQGRPKAKEIQLRWGPPLVDGGSPISCYSVEMSPIEKDEPREVYQGSEVECTVSSLLPGKTYSFRLRAANKMGFGPFSEKCDITTAPGPPDQCKPPQVTCRSATCAQVNWEVPLSNGTDVTEYRLEWGGVEGSMQICYCGPGLSYEIKGLSPATTYYCRVQALSVVGAGPFSEVVACVTPPSVPGIVTCLQEISDDEIENPHYSPSTCLAISWEKPCDHGSEILAYSIDFGDKQSLTVGKVTSYIINNLQPDTTYRIRIQALNSLGAGPFSHMIKLKTKPLPPDPPRLECVAFSHQNLKLKWGEGTPKTLSTDSIQYHLQMEDKNGRFVSLYRGPCHTYKVQRLNESTSYKFCIQACNEAGEGPLSQEYIFTTPKSVPAALKAPKIEKVNDHICEITWECLQPMKGDPVIYSLQVMLGKDSEFKQIYKGPDSSFRYSSLQLNCEYRFRVCAIRQCQDSLGHQDLVGPYSTTVLFISQRTEPPASTNRDTVESTRTRRALSDEQCAAVILVLFAFFSILIAFIIQYFVIK,MAVMAPRTLLLLLSGALALTQTWAGSHSMRYFFTSVSRPGRGEPRFIAVGYVDDTQFVRFDSDAASQRMEPRAPWIEQEGPEYWDQETRNVKAQSQTDRVDLGTLRGYYNQSEAGSHTIQIMYGCDVGSDGRFLRGYRQDAYDGKDYIALNEDLRSWTAADMAAQITKRKWEAAHEAEQLRAYLDGTCVEWLRRYLENGKETLQRTDPPKTHMTHHPISDHEATLRCWALGFYPAEITLTWQRDGEDQTQDTELVETRPAGDGTFQKWAAVVVPSGEEQRYTCHVQHEGLPKPLTLRWELSSQPTIPIVGIIAGLVLLGAVITGAVVAAVMWRRKSSDRKGGSYTQAASSDSAQGSDVSLTACKV
MTEQMTLRGTLKGHNGWVTQIATTPQFPDMILSASRDKTIIMWKLTRDETNYGIPQRALRGHSHFVSDVVISSDGQFALSGSWDGTLRLWDLTTGTTTRRFVGHTKDVLSVAFSSDNRQIVSGSRDKTIKLWNTLGVCKYTVQDESHSEWVSCVRFSPNSSNPIIVSCGWDKLVKVWNLANCKLKTNHIGHTGYLNTVTVSPDGSLCASGGKDGQAMLWDLNEGKHLYTLDGGDIINALCFSPNRYWLCAATGPSIKIWDLEGKIIVDELKQEVISTSSKAEPPQCTSLAWSADGQTLFAGYTDNLVRVWQVTIGTR,MEETMKLATMEDTVEYCLFLIPDESRDSDKHKEILQKYIERIITRFAPMLVPYIWQNQPFNLKYKPGKGGVPAHMFGVTKFGDNIEDEWFIVYVIKQITKEFPELVARIEDNDGEFLLIEAADFLPKWLDPENSTNRVFFCHGELCIIPAPRKSGAESWLPTTPPTIPQALNIITAHSEKILASESIRAAVNRRIRGYPEKIQASLHRAHCFLPAGIVAVLKQRPRLVAAAVQAFYLRDPIDLRACRVFKTFLPETRIMTSVTFTKCLYAQLVQQRFVPDRRSGYRLPPPSDPQYRAHELGMKLAHGFEILCSKCSPHFSDCKKSLVTASPLWASFLESLKKNDYFKGLIEGSAQYRERLEMAENYFQLSVDWPESSLAMSPGEEILTLLQTIPFDIEDLKKEAANLPPEDDDQWLDLSPDQLDQLLQEAVGKKESESVSKEEKEQNYDLTEVSESMKAFISKVSTHKGAELPREPSEAPITFDADSFLNYFDKILGPRPNESDSDDLDDEDFECLDSDDDLDFETHEPGEEASLKGTLDNLKSYMAQMDQELAHTCISKSFTTRNQVEPVSQTTDNNSDEEDSGTGESVMAPVDVDLNLVSNILESYSSQAGLAGPASNLLQSMGVQLPDNTDHRPTSKPTKN