Sequence,mutation
MdEvEvTvMpKpLpApTaMpEaDqTkVkEkYkCwLkFdLfIpPpDpEpSdRpDpSqDvKvHvKqEvIvLqQvKvYlIqElRlIlIcTlRlFcAcPlMqLqVlPvYfIqWqQlNfQaPgFaNfLwKdYwKdPpGdKdGdGlVrPhAtHtMiFmGtVmTdKrFrGdDpNdIcEvDrEvWlFvIvVvYvVsIqKlQvIsTlKqEvFpPqErLmVkAmRdImEaDhNpDlGgErFcLlLcIvElAlAvDvFpLdPdKpWvLdDdPpEqNaSqTaNlRqVwFiFrCgHnGsEaLiCfIgIqPdAaPdRpKdSvGpApEdSpWlLrPdTnTgPrPdTrInPvQsAsLsNvIcIcTvApHpSvEpKvIrLgAdSdEpSsIsRrAvAsVsNcRvRsIsRpGpYpPpEvKvIsQvAvSqLkHfRkAdHkCaFfLaPfAqGlIvVvAlVvLcKlQlRpPlRnLlVlAsAqAlVlQvAlFlYlLpRpDdPpIvDlLlRvAlClRlVaFqKdTpFgLdPsEvTrRtIfMiTdSiVhTmFdTgKpCvLsYvAcQsLqVvQvQdRdFdVdPhDnRpRsSnGvYdRdLaPdPpPpSpDdPpQcYnRvAnHsEsLsGnMvKsLsAnHsGsFlEsIsLqClSvKpCdSdPpHpFpSpDcCpKpKdSpLcVlTvAvSdPpLsWnAvSsFsLvEvSsLnKvKvNsDcYsFvKvGpLdIdEpGpSpApQsYnRvEsRsLvEsMsAsEsNvYsFvQlLrSrVdDdWdPdEpSvSdLdArMdSgPsGnEsEvIsLvTvLsLsQvTvIdPdFdDdIsEvDvLsKnKvEvAsAvNvLhPdPdEtDdDdDdQcWvLvDpLdSdPpDvQnLvDvQvLvLvQcEvAsVvGpKpKpEdSpEpSdVdSdKpEdEdKdEpQpNpYpDdLpTvEvVvSvEvSqMvKvAvFqIvSqKdVdSaTdHpKvGgAgEdLrPdRdEdPdSpEdAdPgIdTdFdDdApDvSvFvLvNvYvFvDcKvIvLvGdPdRdPdNdEdSdDdSdDdDdLdDdDdEdDdFdEdCdLdDdSdDdDdDdLdDdFdEdTdHdEdPpGpEpEvAvSpLvKvGvTvLvDvNvLvKvSvYvMvAqQvMvDlQvEvLcAvHpTpCvIvSnKvSlFfTdTaRpNpQpVdEdPdVdSdQdTdTdDdNdNdSdDdEdEdDdSpGdTpGdEpSpVsMdAhPdVtDpVpDvLvNsLvVvSvNvIlLvEvSvYvSvSvQcAqGpLpAdGdPdAsScNvLvLcQvSvMvGvVhQdLdPdDhNdTpDpHpRdPdTpSpKdPdTpKdNd,M1H:E2L:E3Q:T4A:M5P:K6Y:L7V:A8P:T9F:M10V:E11D:D12S:T13F:V14D:E15N:Y16Q:C17D:L18T:F19G:L20K
MdAdVdMdAdPdRdTdLpLpLpLdLpSpGpApLvAvLvTpQpTaWpAaGqSkHkSkMkRkYkFkFwTkSwVkSqRdPqGpRpGdEaPtRwFiIkAiVwGiYdViDqDqTdQtFfVwRiFaDtSpDpAdApSvQlRwMiEdPgRdAdPpWlIcEvQpEdGdPpEvYvWrDvQvEvTsRvNvVsKvAvQvSsQvTvDvRrVvDvLvGvTvLlRcGvYlYvNvQhSdEsAvGdSiHkTmIkQmIwMmYwGiCfDmVaGgSnDvGlRaFtLdRfGtYwRiQwDiAdYiDrGpKgDtYaIkAiLqNdErDvLlRqSaWiTdAgAdDdMpAsAsQvIvTvKrRvKvWcEnAvAvHvEvAsEvQvLsRvAcYcLhDrGpTvCrVsEvWvLsRvRsYsLcEvNsGcKvEvTqLnQnRdTwDdPfPwKpTwHdMwTdHwHaPdIpSdDlHwEkAiTkLiRkCiWkAtLdGfFtYpPdAqEdIkTdLkTwWkQdRfDqGrEhDtQpTvQvDqTkEdLwVdEhTwRdPdApGpDpGsTgFiQmKtWmAiAmVgVmVdPtSvGpEsEqQqRrYmTwCiHwVmQdHgEpGsLdPpKdPiLdTiLdRgWdEdLpSdSpQpPpTpIpPvIpVvGvIvIvAvGvLvVvLvLvGvAvVvIvTvGvAvVvVvAvAvVvMvWvRvRvKvSvSvDvRpKqGdGdSdYdTdQdAdAdSdSdDdSdAdQdGdSdDdVdSdLdTdAdCdKdVd,M1S:A2L:V3G:M4K:A5Q:P6A:R7D:T8Y:L9S:L10K:L11G:L12R:L13V:S14T:G15Q:A16K:L17F:A18D:L19C:T20W
MdTdLdGdRdRdLdAdCdLdFdLdAdCdVdLdPdApLpLpLpGdGdTdApLpAdSfEdIlVqGvGwRaRfAdRdPqHlApWqPqFqMkVkSfLkQdLaRpGlGdHgFfCeGiAwTgLaIaAfPqNfFkViMkSfAfAqHvCsVcAdNpVnNpVqRqArViRkViVwLgGlAdHfNqLsSvRdRdEdPpTrRiQdViFfAgVfQdRdIkFdEaNdGpYqDdPpVvNvLrLfNsDrImVmImLtQgLtNpGdSgAhTdIdNdAsNrVhQdVhAaQaLaPdAaQaGpRdRdLdGdNfGfVfQkCkLkAqMkGfWqGqLaLrGdRpNpRgGgIgAhSrVgLiQtEiLdNiVwTtVfVdTdSvLlCdRdRpSqNwVtCwTtLaVdRpGpRfQqAhGdVhCaFgGsDhSgGnStPfLiVgCtNpGrLhIgHqGwIgAqSgFdVdRpGpGhChAsSpGrLpYhPtDgAtFtAgPgVrAsQnFcVvNvWvIvDcSvIvIvQvRvScEvDvNpPpCpPdHdPpRpDpPdDpPpAvSvRpTdHd,M1C:T2R:L3R:G4Y:R5I:R6F:L7E:A8I:C9R:L10S:F11E:L12H:A13D:C14Q:V15H:L16V:P17M:A18T:L19Q:L20Y
MdEpDvRvRvApEvKvSvCvEvQvAvCvElSvLvKvRlQvDvYlEvMvAlLlKvHvClTvEvAlLlLvSvLlGvQpYdSdMpAvDpFdTpGdPpCcPpLlEvIsEvRlIsKnIlElSsLlLlYsRnIlAlSsFcLlQsLvKvNvYvVvQvAnDvEvDsClRcHvVlLcGvEvGcLvAvKvGpEvDvAsFsRlAvVsLlClCvMcQvLvKvGvKnLlQvPsVsSlTvIsLlAvKvSsLvTpGdEpSdLpNdGpMdVdTcKpDsLsTvRvLvKnTvLsLnSvEvTsEnTvAvTsSvNvAvLvSvGpYdHpVdEdDpLpDpEpGvSvCvNpGpWdHdFdRaPaPaPfRfGqIdTqSdSlEvEpYaTfLaCpKvRcFcLvEvQpGvIdCdRlYfGpAsQqCfTnShAhHsSdQpEvEsLsAvEvWnQsKvRvYlAvSvRlLvIvKvLlKvQvQvNpEvNvKdQdLdSdGdSdYpMlEvTvLlIvEvKcWlMvNpSdLpScPnEqKqVaLeSdEqCdIdEpGqVkKdVkEdHkNpPdDdLlSeVaTeVfSfTaKqKwSdHkQdTkWmTkFiAkLiTkCgKaPqAaRfMdLfYfRkVkAaLkLnYqDlAqHqRlPvHfFkSaIwIdAwIkSwAkGdDdSpTpTdQiVdStQdEdVgPdEvNsChQrEmWdIgGdGdKdMdAdQpNdGpLdDrHiYmViYmKiViGmImAmFgNtTgEnIgFfGaTkFhRkQiTwIiVwFtDdFrGvLhEtPrVtLhMtQdRiVhMiIyDgAyAfSaTvEpDfLqElYqLqMpHpAaKvQpQvLvVvTpTlAdKdRdWdDdSpSvSqKfTaIeIdDeFaEpPpNdEpTdTdDpLvElKvSvLlLcIvRvYlQdIqPdLpSdApDvQvLlFpTdQpSlVcLvDdKlSdLqTdKqSvNsYpQlSsRnLvHsDsLlLlYsIlElEvIvAlQlYlKvElIqSsKvFfNfLdKwVwQkLkQwIkLaAqSkFdMfLdTdGdVqSfGtGdAmKdYgAdQdNdGqQkLiFkGiRkFtKwLtTpEaTfLqSaEpDqTaLpAsGsRvLsVcMvTfKfVfNfAkVkYkLkLfPfVdPdKpQdKpLdVpQdTdQpGpThKgEgKyViYyEiAwTtIwEpEdKaTwKrEtYmItFmLtRmLgShRnEvCrCcEvEvLvNvLdRdPhDgCdDiTtQiViEgLmQrFiQdLgNnRcLsPvLsCsElMlHsYvAlLsDvRlIdKpDdNcGcVlLlFvPpDdIlSvMdTqPfTpIqPpWqSpPpNvRnQpWqDdEpQlLqDdPpRpLqNdApKlQlKsElAlVlLsAlIqTqTrPdLlAvIgQqLdPhPaVfLeIeIaGePdYfGqTlGcKqTlFvTsLvAlQsAsVvKvHvIqLlQvQdQpEpTaRaIeLeIeCeTeHqSdNpSlAsAlDlLcYsIqKpDpYrLqHvPvYvVvEvAvGvNcPvQlAsRqPeLaReVdYdFdRfNpRpWqVlKqTlVhHdPpVsVvHvQvYrCfLqIaSdSpAvHpSrTtFgQdMqPdQeKlEvDnIsLvKvHhRrVyVyVgVyTyLlNvTvSlQlYsLvCvQvLrDpLdEaPqGcFsFhTlHeIyLeLyDeEqAqAlQaAdMfEqCsEsTvIsMsPnLvAsLsAyTdQsNsTrRhIhVyLyAyGhDhHvMlQaLhSfPdFdVgYsSnEpFsAsRvEsRsNvLrHrVgStLsLsDnRvLvYlEvHvYhPdApEpFrPsCsRhIrLyLrCaEeNgYqRfSaHdEqAvIlIqNcYlTcScEsLrFrYpEvGvKrLhMdAySpGhKpQfPdAaHqKpDpFaYaPqLqTfFeFaTeAqRpGfEaDwVdQaEdKpNtShTnAwFiYaNtNvAsElVlFvEvVvVlEvRvVlEvEvLcRvRvKrWpPdVcAsWvGpKpLdDdDlGlSlIaGeVeVeTePqYtAdDvQnVlFvRsIsRcAvEvLcRvKvKvRvLsSnDnVhNhVyEdRyVlLlNqVcQpGvKaQaFhRqVeLyFeLySeTqVrRdTdRpHvTvCqKdHdKpQpTaPvIdKdKpKpEdQsLnLdEpDcSdTnEpDrLgDcYsGqFqLlSaNdYsKnLsLvNsTsArIsTsRrAhQhShLhVyAyVyVyGyDhPlIlAsLsClSnIgGyRrCnRnKsFsWsElRvFsIqAvLvCcHqEvNvSvSrLyHpGdIdThFpEvQrIsKvAvQvLsEvAvLsEnLsKdKnTpYpVpLpNpPsLnAhPnEdFpIdPpRsAsLsRhLhQpHpSvGdSdTdNdKdQdQdQdSdPdPdKdGdKdSdLdHdHdTdQdNdDdHdFdQdNdDdGdIdVdQdPdNtPgShVdLdIdGhNdPdIdRdAdYdTdPdPdPdPdLdGdPdHdPdNdLdGdKdSdPdSdPpVpQdRdIdDdPpHdTdGdTdSdIdLdYdVdPpAdVdYdGdGdNdVdVdMdSdVdPdLaPdVdPdWdTdGfYdQdGdRdFdAdVdDdPdRdIdIdTdHdQdAdAdMdAtYdNdMdNdLdLdQdTdHdGdRdGdSdPdIdPdYdGdLdGdHdHdPdPdVdTdIdGdQdPdQdNdQdHdQdEdKdDdQdHdEdQdNdRdNdGdKdSdDdTdNdNdSdGdPdEdIdNdKdIdRdTdPdEdKdKdPdTdEdPdKdQdVdDdLdEdSdNdPdQdNdRdSdPdEdSdRdPdSdVdVdYdPdSdTdKdFdPdRdKyDdNdLdNdPwRfHdIdNdLdPdLdPpAdPpHpApQdYdAdIdPvNpRpHpFpHdPdLdPdQdLdPdRdPdPdFdPdIdPdQdQdHdTdLdLdNdQdQdQyNdNdLdPdEdQdPdNdQdIdPdPdQdPdNdQdVdVdQdQdQdSdQdLdNdQdQdPdQdQdPdPdPdQdLdSdPdAdYdQdAdGdPdNdNdAdFdFdNdSdAdVdAdHdRdPdQdSdPdPdAdEdAdVdIdPdEdQdQdPdPdPdMdLdQdEdGdHdSdPdLdRdAdIdAdQdPdGdPdIdLdPdSdHdLdNdSdFdIdDdEdNdPdSdGdLdPdIdGdEyAdLdDdRdIdHdGdSdVdAdLdEdTdLdRdQdQdQdAdRdFdQdQdWdSdEdHdHdAdFdLdSdQdGdSdAdPdYdPdHdHdHdHdPdHdLdQdHdLdPdQdPdPdLdGdLdHdQdPdPdVdRdAdDdWdKdLdTdSdSdAdEdDdEdVdEdTdTdYdSdRdFdQdDyLdIdRdEdLdSdHdRdDdQdSdEdTdRdEdLdAdEdMdPrPtPdQpSdRpLdLsQdYdRdQdVdQdSdRdSdPdPdAdVdPdSdPdPdSdSdTdDdHdSdSdHdFdSdNdFdNdDdNdSdRdDdIdEdVdAdSdNdPdAdFdPdQdRdLdPdPdQdIdFdNdSdPdFdSdLdPdSdEdHdLdAdPdPdPdLdKdYdLdAdPdDyGdAdWdTdFdAdNdLdQdQdNdHdLdMdGdPdGdFdPdYdGdLdPdPdLdPdHdRdPdPdQdNdPdFdVdQdIdQdNdHdQdHdAdIdGdQdEdPdFdHdPdLdSdSdRdTgVdSgSdSdSdLdPdSdLdEdEdYdEdPdRdGdPdGdRdPdLdYdQdRdRdIdSdSdSdSdVdQdPdCdSdEdEdVdSdTdPdQyDdSdLdAdQdCyKdEdLdQdDdHdSdNdQdSdSdFdNdFdSdSdPdEdSdWdVdNdTdTdSdSdTdPdYdQdNdIdPdCdNdGdSdSdRdTdAdQdPdRdEdLdIdAdPdPdKdTyVdKdPdPdEdDdQdLdKdSdEdNdLdEdVdSdSdSdFdNdYdSdVdLdQdHdLdGdQdFdPdPdLdMdPdNdKdQdIdAdEdSdAdNdSdSdSdPdQdSySdAdGdGdKdPdAdMdSdYdAdSdAdLdRdAdPdPdKdPdRdPdPdPdEdQdAdKdKdSdSdDdPpLpSpLpFpQpEpLpSdLdGdSdSdSdGdSdNdGdFdYdSsYpFgKd,M1C:E2R:D3H:R4C:R5D:A6S:E7M:K8N:S9A:C10N:E11T:Q12P:A13M:C14N:E15M:S16N:L17V:K18W:R19H:Q20C
MdLvTvEvVvMvEvVvWvHvGvLvVvIvAvVvVvSvLvFvLvQvAvCvFvLvTvAvIvNvYvLvLvSvRvHvMvAvHvKvSvEvQvIvLvKvAvAvSvLvQpVpPdRdPpSpPpGdHdHdHdPdPdAdVdKdEdMdKdEdTdQdTdEdRdDdIdPdMdSdDdSdLdYdRdHdDdSdDdTdPdSdDdSdLdDdSdSdCdSpSdPdPpAdCpQpApTpEpDpVpDpYpTvQpVdVdFdSdDdPpGpEpLpKpNdDdSpPpLpDpYpEpNpIpKdEpIdTdDdYdVpNpVdNpPpEpRdHpKdPdSpFdWpYpFpVdNdPpAvLpSdEdPdApEdYdDdQdVdAdMd,M1G:L2V:T3H:E4K:V5T:M6Q:E7M:V8P:W9A:H10Y:G11N:L12M:V13K:I14E:A15W:V16F:V17R:S18W:L19N:F20V
MdFvLvSvIvLvVvAvLvCvLvWvLvHvLvAvLpGpVdRpGqAfPdCwEdAfVdRpIqPpMlCcRcHpMpPpWaNgItTfRgMpPpNfHlLlHrHdSrTdQlEvNvAlInLvAvIcEvQvYcEpEvLvVvDvVvNcClSdApVlLlRsFvFqLsCcAcMgYsAgPnIhCdTdLpEvFqLrHpDhPgIaKhPaCaKlSvVsClQcRrAnRqDvDrCrEqPvLvMcKvMvYvNvHhSgWdPdEpSsLsApCsDvEvLgPdVhYpDvRgGdVdChIdSdPpEvApIdVpTpDpLdPdEpDvVpKpWdIdDpIpTdPpDpMpMpVdQdEpRpPdLaDpVpDcClKvRvLlSpPlDvRpCaKpCqKdKaVdKdPdTdLlAvTlYcLlSvKvNvYfSqYwVkIfHwAwKfIfKaAdVwQdRdSpGhCqNfEkViTwTtVwVtDqVtKdEdItFlKhShSnSdPdIdPdRnTgQtVaPiLaIiTgNrSgSnChQqCaPpHdIdLdPhHrQfDtVwLiIkMtChYyEaWdRpSnRhMhMyLrLyEsNsCiLdViEdKgWdRdDpQvLsSvKvRvSvInQvWsEvEvRvLsQvEvQvRvRvTvVvQvDvKvKvKvTvAvGvRvTvSvRpSdNdPdPdKdPdKdGdKdPdPdAdPdKdPdAdSdPdKdKdNdIdKdTdRdSdAdQdKdRdTdNdPdKdRdVd,M1T:F2E:L3H:S4I:I5W:L6G:V7F:A8P:L9C:C10G:L11F:W12I:L13E:H14G:L15K:A16G:L17A:G18R:V19S:R20Y
MdEdPdPdGdRdRdEdCdPdFdPdSdWpRpFpPpGvLvLvLvAvAvMvVvLvLvLvYvSvFpSpDqAfCaEaEwPdPdTdFaEdAfMkEdLwIdGdKdPtKdPrYtYhEhIaGfEdRkVtDaYiKdCgKdKqGqYwFdYfIdPdPdLfAgTrHmTwIgCqDhRnNvHnTyWtLdPdVhShDpDpArCiYdRgEaTfCePdYdIdRdDaPaLdNqGkQgAwVdPfApNpGrTgYrEgFaGqYtQkMiHaFiIgCgNhEfGqYwYdLkIdGdEdErImLwYhCfEhLdKdGpSrVhAtIyWiSpGdKdPdPiIhCtEhKgVqLkCaTaPdPaPdKdIaKpNqGkKdHkTpFpSpEvVdEgViFaEgYfLfDdAkViTfYmSdCgDhPaAaPpGdPpDfPfFwSdLwIaGdEdSrTmIwYgCqGgDpNpSrVdWiSpRdAhAhPiEhCtKdVgVaKwCaRdFdPfVdVeEpNqGkKdQkIdSdGqFdGdKpKiFaYgYaKqArTkVtMfFiEdCgDhKpGqFwYdLkDaGdSdDrTiIwVgCqDhSpNnSnTaWtDvPvPhVrPiKyCtLhKgVdLdPdPpSdSdTdKdPdPdAdLdSdHdSdVdSdTdSdSdTdTdKdSdPdAdSdSdAdSdGdPdRdPdTpYdKdPdPdVsSqNpYdPdGpYdPdKpPdEdEpGpIpLpDpSvLdDdVpWvVvIvAvVvIvVvIvAvIvVvVvGvVvAcVcIvCpVvVvPvYvRvYvLvQvRvRvKvKvKvGvTvYvLpTpDpEpTpHpRdEdVdKdFdTdSdLd,M1L:E2I:P3V:P4I:G5R:R6C:R7H:E8D:C9R:P10I:F11W:P12Y:S13E:W14H:R15D:F16V:P17M:G18A:L19C:L20T
MdRpQdRdLpLvPvSvVvTvSvLvLvLvVvAcLvLvFcPvGdSpSpQpApRvHpVvNpHpSvAvTvEvAvLvGvEvLvRpEpRpAdPdGdQdGdTdNpGpFpQpLvLvRvHpApVpKpRpDpLpLdPdPpRpTdPpPpYdQpVpHpIpSpHpRpEcAqRcGdPpSqFlRvIvCvVcDvFvLvGpPpRvWcAsRvGvCsSrTpGdNd,M1W:R2L:Q3D:R4W:L5P:L6H:P7V:S8T:V9W:T10H:S11N:L12P:L13G:L14N:V15G:A16K:L17N:L18Y:F19K:P20S
MdAdEdHdPdPdLdLdDdTdTdQdIdLdSdSdDdIdSdLdLdSdAdPdIdVqSpApDvGnTqQkQdVkIaLkVdQaVaNaPaGpEdAwFwTwIaRqRdEpDvGrQdFiQdCiIdThGdPrAdQiVdPiMdMiSdPrNhGpSdVdPgPdItYdVdPdPpGqYwAdPwQdVwIdEdDdNpGnVhRtRdVtVdViVgPgQdAdPdEdFdHdPdGfSdHdTdVdLfHdRdSdPdHdPdPdLdPdGdFdIdPdVdPdTdMdMdPdPdPdPdRdHdMdYdSdPdVdTdGdAdGdDdMdTdTdQdYdMdPdQdYdQdSdSdQdVdYdGdDdVdDdAdHdSdTdHdGdRdSdNdFdRdDdEdRdSdSpKvTvYvEvRvLvQvKvKvLvKvDcRpQpGdTdQdKdDdKdMdSdSdPdPdSdSdPdQdKdCdPdSdPdIdNdEdHdNdGdLdIdKdGdQdIdAdGdGdIdNdTdGdSdAdKdIdKdSdGdKdGdKdGdGdTdQdVdDaTaEdIdEdEpKcDpEvEvTcKvAvFvElAvLqLqSqNqIwVaKwPwVdAwSdDpIfQaAfRfTkViVkLtTaWtSdPhPgSdSdLdIdNdGdEdTdDdEpSpSpVdPdEpLfYkGkYkEwVkLwIkSdSqTpGdKpDpGhKdYtKdStVdYdViGgEtEdTrNmIdTmLgNgDrLhKaPfAfMtDkYmHwAmKwVmQwAiEgYhNhShIdKiGhTdPiSyEhAiEdIiFdTtThLhSfCaEaPfDeIePwNaPfPwRdIfApNdRfTaKqNwSkLtTkLtQfWgKdAgPtSgDrNrGhSfKdIwQfNkFkVwLkEwWkDpElGlKpGpNpGpEdFiCdQtCpYdMiGgSdQdKrQmFdKmIdTgKrLdShPgAqMrGkCmKkFmRwLmSwAiRgNgDpYhGgTiSyGdFiShEdEiVdLiYdYtThShGhCaAwPaSaMaPwAaSwPwVdLfTpKdAaGaIqTfWkLtSkLtQfWtSdKgPgSpGdThPpSdDpEpGaIkSwYkIwLkEwMkEdEfEpTvSpGpYpGpFtKdPtKdYdDiGgErDdLrAmYdTmVdKgNrLhRhRgSqTgKkYmKkFiKwVmIwAiYgNgSpEnGgKiSyNpPiShEdViVdEiFdThThChPfDaKaPaGeIePwVeKePkSdVwKdGdKdIfHaSqHfSkFtKkIiTfWtDdPgPgKpDgNrGsGnAfTdIfNqKwYkVwVkEwMkAaEkGaSpNpGgNdKdWtEdMtIpYdSiGgAhTdRgEmHdLmCrDgRrLdNhPgGlCiFkYmRwLmRwVmYwCtIaSgDrGnGgQiSyAdViSyEdSiLdLiVdQtThPhAfVaPwPfGaPeCwLaPePwRdLfQdGdRaPfKaAqKfEkItQkLtRfWtGdPgPgLpVgDrGrGnSfPdIwSfCkYkSwVkEwMkSdPfIpEvKdDpEpPtRdEtVqYdQiGgShEdVrEiCdTmVrSgSrLdLqPaGlKtTkYmSkFmRwLmRwAiAgNgKpMnGgFiGyPdFiShEpKiCdDiIdThThAhPwGdPwPfDaQeCwKaPePwQdVwTdCaRpSaAqTfCkAiQkVtNfWtEdVaPgLdSgNsGsTfDgVfTfEkYkRwLkEwWkGdGlVdEpGvSdMtQdItCpYdCiGgPdGdLrSmYdEmIgKgGrLhSqPfAqTgTkYmYkCmRwVmQwAtLgSgVpVnGgAiGyPdFiSyEdViVdAiCdVtTgPhPfSdVaPwGeIeVwTaCdLkQdEwIdSdDpDvEpIdEpNdPpHpYdSfPlSfTfCkLtAkIiSfWtEdKrPtCgDrHsGpSfEdIfLaAwYkSwIkDdFwGdDdKpQdSiLdTiVgGgKpVdTgSmYdImIdNgNrLhQhPgDqTdTkYtRwIiRwImQwAtLgNgSpLrGgAtGyPdFiSyHpMtIdKiLdKtTrKhPhLdPfPdDfPwPwRdLkEdCfVpAdFaSaHqQfNkLtKkLiKfWtGdEdGdTdPdKpTdLdSdTlDqSfIkQkYkHwLkQfMkEqDdKpNvGrRdFtVdStLpYdRiGgPsCdHgTmYdKmVhQgRrLhNhEaSqTdSkYiKwFmCwImQwAmCaNgEpArGgEiGdPdLiSdQdEtYdIiFdThThPhKdSdVaPdAeAeLwKaAePwKdIwEdKpVdNdDpHwIkCiEkItTfWtEdCaLdQdPaMdKvGpDqPaVkIwYkSwLkQwVkMdLkGaKpDrSpEdFtKhQtIpYdKiGgPrDdSrSmFdRmYdSgSgLdQdLaNqCiEkYmRkFmRkVmCwAiIwRrQfCdQdDdSpLvGdHtQdDtLrViGdPdYiShTdTiVdLiFdIhShQdRdTdEdPdPdAdSdTdNyRdDdTdVdEdSdTdRdTdRdRdAdLdSdDpEvQvCvAvAvVvIvLvVvLvFvAvFvFvSvIvLvIvAvFvIvIvQvYvFvVvIvKd,M1T:A2G:E3W:H4T:P5S:P6I:L7H:L8I:D9Q:T10C:T11D:Q12F:I13L:L14M:S15E:S16C:D17N:I18D:S19M:L20A
MdTaEkQdMkTdLfRqGdTwLaKfGdHdNpGfWfVfTqQeIkAeTaTaPpQlFqPlDqMwIiLwStAfSgRqDvKqTwIiIfMiWwKgLqTpRsDdEsThNhYrGiIdPgQpRdAiLqRhGdHdSpHgFgVwSqDyVkVyIaSaSnDnGrQqFwAmLwStGwSfWqDsGqTkLiRfLiWaDgLpTvTvGsTyTtTpRdRiFaVhGdHgTpKgDgVwLrSeVkAeFaSaSnDvNnRqQwIiVwStGwSfRqDsKqTwIiKfLiWdNgTpLvGrVdCtKpYdTiVpQpDdEpStHdSpEgWgVwSqCyVkRyFwSqPnNdSpSvNfPiIwIiVwStCfGfWqDsKqLwViKwViWaNgLpAvNvCrKdLtKpTaNiHdIdGdHdTpGgYgLwNnTdVkTdVaSaPpDnGrSqLkCiAwStGfGfKqDvGqQwAtMwLiWaDgLpNvEvGrKdHtLdYdTiLaDhGrGvDaIgIwNqAeLwCdFaSqPlNpRaYcWwLiCwAtAqTgGfPqSkIiKwIiWaDnLpEvGvKrIdItVsDdEiLdKhQdEpVpIpSdTpSdSpKpAdEdPhPwQgCfTrSyLwAdWaSrAnDvGsQfTwLiFwAtGiYtTrDvNrLmViRiViWmQgViTdIdGdTdRd,M1E:T2N:E3C:Q4N:M5G:T6N:L7I:R8Y:G9T:T10R:L11N:K12H:G13H:H14S:N15E:G16Q:W17V:V18N:T19V:Q20P