protein,label,stage
MAKRVAEKELTDRNWDEEDEVEEMGTFSVASEEVMKNRAVKKAKRRNIGFESDSGGAFKGFKGLVVPSGGGGFSGFGGGSGGKPLEGLTNGNSTDSATPFSSAKTAAEPKAAFGSFAVNGPTTLVDKKISSPKCNSSNQPPSSGPASSTSCTGNTYHKQLAGLNCSVRDWIVKHVNTNPLCDLTPIFKDYERYLATIEKQLENGGSSSSERQTDRATAAMEPPSLFGSTKLQQDSPFSFHGNKAEDTSEKLEFTAEKKSDAAQGATSASFNFGKKIESSVLGSLSSGSLTGFSFSPGNSSLFGKDAAQSKAASSPFSAKASESQAGGSSSECRDGEEEESDEPPKVVVTEVKEEDAFYSKKCKLFYKKDNEFKEKGVGTLHLKPTATQKTQLLVRADTNLGNILLNVLIPPNMPCTRTGKNNVLIVCVPNPPLDEKQPTLPVTMLIRVKTSEDADELHKILLQKKDV,0,train
MLKFKYGVRNPPEASASEPIASRASRLNLFFQGKPPLMTQQQMSALSREGMLDALFALFEECSQPALMKMKHVSSFVQKYSDTIAELRELQPSARDFEVRSLVGCGHFAEVQVVREKATGDVYAMKIMKKKALLAQEQVSFFEEERNILSRSTSPWIPQLQYAFQDKNNLYLVMEYQPGGDFLSLLNRYEDQLDESMIQFYLAELILAVHSVHQMGYVHRDIKPENILIDRTGEIKLVDFGSAAKMNSNKVDAKLPIGTPDYMAPEVLTVMNEDRRGTYGLDCDWWSVGVVAYEMVYGKTPFTEGTSARTFNNIMNFQRFLKFPDDPKVSSELLDLLQSLLCVQKERLKFEGLCCHPFFARTDWNNIRNSPPPFVPTLKSDDDTSNFDEPEKNSWVSSSVCQLSPSGFSGEELPFVGFSYSKALGYLGRSESVVSSLDSPAKVSSMEKKLLIKSKELQDSQDKCHKMEQEMTRLHRRVSEVEAVLSQKEVELKASETQRSLLEQDLATYITECSSLKRSLEQARMEVSQEDDKALQLLHDIREQSRKLQEIKEQEYQAQVEEMRLMMNQLEEDLVSARRRSDLYESELRESRLAAEEFKRKANECQHKLMKAKDQGKPEVGEYSKLEKINAEQQLKIQELQEKLEKAVKASTEATELLQNIRQAKERAERELEKLHNREDSSEGIKKKLVEAEERRHSLENKVKRLETMERRENRLKDDIQTKSEQIQQMADKILELEEKHREAQVSAQHLEVHLKQKEQHYEEKIKVLDNQIKKDLADKESLENMMQRHEEEAHEKGKILSEQKAMINAMDSKIRSLEQRIVELSEANKLAANSSLFTQRNMKAQEEMISELRQQKFYLETQAGKLEAQNRKLEEQLEKISHQDHSDKSRLLELETRLREVSLEHEEQKLELKRQLTELQLSLQERESQLTALQAARAALESQLRQAKTELEETTAEAEEEIQALTAHRDEIQRKFDALRNSCTVITDLEEQLNQLTEDNAELNNQNFYLSKQLDEASGANDEIVQLRSEVDHLRREITEREMQLTSQKQTMEALKTTCTMLEEQVLDLEALNDELLEKERQWEAWRSVLGDEKSQFECRVRELQRMLDTEKQSRARADQRITESRQVVELAVKEHKAEILALQQALKEQKLKAESLSDKLNDLEKKHAMLEMNARSLQQKLETERELKQRLLEEQAKLQQQMDLQKNHIFRLTQGLQEALDRADLLKTERSDLEYQLENIQVLYSHEKVKMEGTISQQTKLIDFLQAKMDQPAKKKKVPLQYNELKLALEKEKARCAELEEALQKTRIELRSAREEAAHRKATDHPHPSTPATARQQIAMSAIVRSPEHQPSAMSLLAPPSSRRKESSTPEEFSRRLKERMHHNIPHRFNVGLNMRATKCAVCLDTVHFGRQASKCLECQVMCHPKCSTCLPATCGLPAEYATHFTEAFCRDKMNSPGLQSKEPGSSLHLEGWMKVPRNNKRGQQGWDRKYIVLEGSKVLIYDNEAREAGQRPVEEFELCLPDGDVSIHGAVGASELANTAKADVPYILKMESHPHTTCWPGRTLYLLAPSFPDKQRWVTALESVVAGGRVSREKAEADAKLLGNSLLKLEGDDRLDMNCTLPFSDQVVLVGTEEGLYALNVLKNSLTHIPGIGAVFQIYIIKDLEKLLMIAGEERALCLVDVKKVKQSLAQSHLPAQPDVSPNIFEAVKGCHLFAAGKIENSLCICAAMPSKVVILRYNDNLSKYCIRKEIETSEPCSCIHFTNYSILIGTNKFYEIDMKQYTLDEFLDKNDHSLAPAVFASSSNSFPVSIVQANSAGQREEYLLCFHEFGVFVDSYGRRSRTDDLKWSRLPLAFAYREPYLFVTHFNSLEVIEIQARSSLGSPARAYLEIPNPRYLGPAISSGAIYLASSYQDKLRVICCKGNLVKESGTEQHRVPSTSRSSPNKRGPPTYNEHITKRVASSPAPPEGPSHPREPSTPHRYRDREGRTELRRDKSPGRPLEREKSPGRMLSTRRERSPGRLFEDSSRGRLPAGAVRTPLSQVNKVWDQSSV,1,train
MPVQAAQWTEFLSCPICYNEFDENVHKPISLGCSHTVCKTCLNKLHRKACPFDQTAINTDIDVLPVNFALLQLVGAQVPDHQSIKLSNLGENKHYEVAKKCVEDLALYLKPLSGGKGVASLNQSALSRPMQRKLVTLVNCQLVEEEGRVRAMRAARSLGERTVTELILQHQNPQQLSANLWAAVRARGCQFLGPAMQEEALKLVLLALEDGSALSRKVLVLFVVQRLEPRFPQASKTSIGHVVQLLYRASCFKVTKRDEDSSLMQLKEEFRSYEALRREHDAQIVHIAMEAGLRISPEQWSSLLYGDLAHKSHMQSIIDKLQSPESFAKSVQELTIVLQRTGDPANLNRLRPHLELLANIDPNPDAVSPTWEQLENAMVAVKTVVHGLVDFIQNYSRKGHETPQPQPNSKYKTSMCRDLRQQGGCPRGTNCTFAHSQEELEKYRLRNKKMSATVRTFPLLNKVGVNSTVTTTAGNVISVIGSTETTGKIVASTNGISNTESSVSQLIPRGTDSAVRTLETVKKVGKVGTNAQNAGPSAESVSENKIGSPPKTPVSNAAATSAGPSNFGTELNSLPPKSSPFLTRVPVYPQHSESIQYFQDPRTQIPFEVPQYPQTGYYPPPPTVPAGVTPCVPRFVRSSNVPESSLPPASMPYADHYSTFSPRDRMNSSPYQPPPPQQYGPVPPVPSGMYAPVYDSRRIWRPAMYQRDDIIRSNSLPPMDVMHSSVYQTSLRERYNSLDGYYSVACQPPNDPRTTVPLPREPCGHLKTSCEEQLRRKPDQWTQYHTQKTPVSSTLPVATQSPTPPSPLFSVDFRSDFSESVSGAKFEEDHLSHYSPWSCGTIGSCINAIDSEPKDVIANSNAVLMDLDSGDVKRRVHLFEAQRRTKEEDPIIPFSDGPIISKWGAISRSSRTGYHTTDPVQATASQGSATKPISVSDYVPYVNAVDSRWSSYGNDATSSAHYIERDRFIVTDLSGHRKHSSTGDLLSIELQQAKSNSLLLQREANALAMQQKWNSLDEGRHLTLNLLSKEIELRNGENDYTEDTVDTKPDRDIELELSALDTDEPDGQSEQIEEILDIQLGISSQNDQLLNGTAVENGHPAQQHQKDPGKPKRQSLGEDHVILEEQKPILPVTSCFSQPRPMSISSASCLPITTSVSVGNLILKTHVMSEDKNDFLKPIANGKMVNS,1,train
MAGTGVVAVYGEGAMTETKQKSPFSVKVGLAQMLRGGVIMDVVNAEQARIAEEAGACAVMALERVPADIRAQGGVARMSDPEMIKEIKNAVTIPVMAKARIGHFVEAQILEAIGVDYVDESEVLTLADEDNHINKHNFKIPFVCGCRNLGEALRRIREGAAMIRTKGEAGTGNVVEAVRHVRSVNGAIRLLRSMDDDEVFTYAKKIAAPYDLVVQTKELGRLPVVQFAAGGVATPADAALMMQLGCDGVFVGSGVFKSGDPVKRAKAIVQAVTNYRDAAVLAEVSCGLGEAMVGLNLDDKVERFASRSE,1,train
MSVPVAPKKSCYTQLRDNRNAARNNNESILSLGDTNANQIMLEVSSSHDESKTCDLGDEIGNTNSSEPENRTHFHKEFHQLQGFGKGSQAGSASLKDFRLSSTIQRELNEEHTVERGTDSLQTTRSIQGPSLSSWRNVMSEASLDVLAKRDAEIPRHVPKDKLAKTLDNEELRRHSLERASSSVAAVGSLTPQHPQPLSLDSREARGQIPGGGEGPQKTLPDHAVPAAFPATDSTSEGKSVRHPKPSTSESKQSTPSETQTVGAHVLQVCSEHTSHSAHPEPALNLTLASKEIPSKLEAQLGQGKGEAKLDLKYVPPRRVEQEGKAAQEGYLGCHKEENLSALEGRDPCGEAHPEATDALGHLLNSDLHHLGVGRGNCEEKRGVNPGEQDSLHTTPKQGSASLGGADNQPTGKISPCAGEKLGERTSSSFSPGDSHVAFIPNNLTDSKPLDVIEEERRLGSGNKDSVMVLVFNPSVGENKTEVPEPLDPQSGRSEARESKEVTTSVAENRNLLENADKIESTSARADSVLNIPAPLHPETTVNMTYQPTTPSSSFQDVSVFGMDAGSPLVVPPPTDSARLLNTSPKVPDKNTCPSGIPKPVFTHSKDTPSSQEGMENYQVEKTEERTETKPIIMPKPKHVRPKIITYIRRNPQALGQVDASLVPVGLPYAPPTCTMPLPHEEKAAGGDLKPSANLYEKFKPDLQKPRVFSSGLMVSGIKPPGHPFSQMSEKFLQEVTDHPGKEEFCSPPYAHYEVPPTFYRSAMLLKPQLGLGAMSRLPSAKSRILIASQRSSASAIHPPGPITTATSLYSSDPSADLKKASSSNAAKSNLPKSGLRPPGYSRLPAAKLAAFGFVRSSSVSSVSSTQSGDSAQPEQGRPATRSTFGNEEQPVLKASLPSKDTPKGAGRVAPPASSSVTAPRRSLLPAPKSTSTPAGTKKDAQKDQDTNKPAVSSPKRVAASTTKLHSPGYPKQRTAAARNGFPPKPDPQAREAERQLVLRLKERCEQQTRQLGVAQGELKRAICGFDALAVATQHFFRKNESALVKEKELSIELANIRDEVAFHTAKCEKLQKEKEELERRFEDEVKRLGWQQQAELQELEERLQLQFEAEMARLQEEHGDQLLSIRCQHQEQVEDLTASHDAALLEMENNHTVAITILQDDHDHKVQELMSTHELEKKELEENFEKLRLSLQDQVDTLTFQSQSLRDRARRFEEALRKNTEEQLEIALAPYQHLEEDMKSLKQVLEMKNQQIHEQEKKILELEKLAEKNIILEEKIQVLQQQNEDLKARIDQNTVVTRQLSEENANLQEYVEKETQEKKRLSRTNEELLWKLQTGDPTSPIKLSPTSPVYRGSSSGPSSPARVSTTPR,1,train
SQSVVATQLIPMNTALTPAMMEGKVTNPIGIPFAEMSQIVGKQVNRIVAKGQTLMPNMVKTYAA,1,train
MTSGIYYKGLQCWIPDEQSQWIPGSIKDCRVEGEKAFLTVQDENENETVITVKPDDLNYEGRNGLPFLRSINSDADDLTDLSYLNEPSVLDALSTRYNQLQIYTYSGIVLIAVNPFQRLPNLYTHEIVRAYSEKSRDELDPHLYAIAEDSYKCMNQEHKNQTIIISGESGAGKTVSARYIMRYFASVQALIQSTDSNFHEAPQLTAVENEILATNPIMEAFGNSKTSRNDNSSRFGKYIQILFDGNATIIGAKIQTYLLERSRLVFQPNQERNYHIFYQILAGSSSEQLEKWKLVENSQEFNYLKQGNCSTIEGVNDKEEFKATVDALKTVGIDNDTCECIFSLLAALLHIGNIEVKHSRNDAYIDSKNENLINATSLLGVDPSSLVKWLTKRKIKMASEGILKPLNEFQAVVARDSVAKFLYASLFDWLVATINKALMYSADKSNQTAKSFIGVLDIYGFEHFKKNSFEQFCINYANEKLQQEFYRHVFKLEQEEYAAEGLNWSYIDYQDNQQCISMIESRLGILSLLDEECRMPTNSDENWVSKLNDAFSKPEFKNSYQKSRFGNKEFTIKHYALDVVYCAEGFIDKNRDTISDELLELFTNSDVPFVKDLVLFRLEQTAPPADTKKIKTKPKSNTLGSMFKSSLVSLMSTINETNAHYIRCIKPNEEKEAWKFDNQMVVSQLRACGVLETIKISCAGFPSRWTFDEFVSRYYMLVPSAVRTTESLTFSKAILEKHADPTKYQIGKTKIFFRSGVTPLLESARDKALKHAAHLLYEAFAVNYYRTRFLLSRKRVRSFQAVAHGFLSRRHTEYELLSSNIIKLQSLWRTALKRKEFIQTKNSILKVQSIIRGFLLRQTLEEKTKHDATLIIQSLWLTFKAHKHYKELQYYAVRIQSLWRMKLAKRQLTELKIESTKASHLKQVSYRLESRLFEISKQLDNSEQENNKFRERIAELESHLSNYAEAKLAQERELEQTRVLISDQSQDGELKELLEEKENALIMMEEEMRQVNDANTELLRVNATLKSQLKNYDMIIVEQTSQLKEKNRIIASLTKATKILNSASSIEQSRNSEEKSRRDSSLMEMRTQKEMLVLLMNDGLKHDLDKLTEYAGRTFTTLKTLLLKDNDVEAQKLDHLFLAKLLFIIISQMWKSNLCQESVALVERYCVHTLEYVFQKTSSANERPDIGFWVANTHALLAFVYTKQQAFKHSSAFTLLSTESHESVQTIFEMIESHLSKIFFEWVRQVNNFLKPLIVQAMIITGTNTDAGDENRKLRIKFFEKPKYKITDVIHVLNKVHDSCQAYKVNYEIYNALIRSIYRFINVEAFNSLFIDERGSWKRGTNISYNYHVLKDWCLESGVPEAYLQLEELLQTSKILQFVKDDPNYVARVRDFYALNFLQIKTLLHRYDYADYEAHVPKKTMSELSKNIVAEGINQREQLTYEVLDYRLQDSFEESPSLEKIKIPDDCNVTYLRRIIDLASAEESVEQALITVGNVADNDVQNSSDEENQVPNGIKV,1,train
MASEIKKKLFWRAVVAEFLAMTLFVFISIGSALGFNYPLERNQTLVQDNVKVSLAFGLSIATLAQSVGHISGAHLNPAVTLGLLLSCQISILRAVMYIIAQCVGAIVATAILSGITSSLVDNSLGRNDLAHGVNSGQGLGIEIIGTLQLVLCVLATTDRRRRDLGGSAPLAIGLSVALGHLLAIDYTGCGINPARSFGSAVLTRNFSNHWIFWVGPFIGGALAVLIYDFILAPRSSDFTDRMKVWTSGQVEEYDLDADDINSRVEMKPK,0,train
MLRKVFAVVSVLLVVSAAKVTKLVLDDHYVNRVVGGEVAKNGSAPYQVSLQVPGWGHNCGGSLLNNRWVLTAAHCLVGYEPSDLMVLVGTNSLKEGGELLKVDKLLYHSRYNRPQFHNDIGLMRLEQPVQFSELVQSVEYLEKAVPVNATVRLTGWGRTSTNGNVPTLLQSLNVVTLSNEDCKAKMGNPKNVDLGHVCTLTKAGEGACNGDSGGPLVYEGKLVGVVNFGVPCGRGFPDGFARVSYYHEWVRTTMANNS,1,train
MAEFSQKQRKQSGSEGLGSVVDFLLANARLVLGVGGAAVLGIATLAVKRLIDRATSPPDEDDTKGDSWKELSLLRATSPQKPQPPPAAFSQPLATGSPSPSVPVEPTPIHSPTTPKFSTIAPLCLTFQERLLAFERKHVITPEAHVTLAKQLAGDIALELQAYLRSKFPELPFGALVPGGPLYDGLQAGTAEHVRLLAPLELEPGLWSLVPGVDTVAREPRCWAVRRTQLEFHPRGCSPWDRFLVGGYLSSRVLLELLRKALSASVNWPAIGSLLGCLIWPDVASEELLLKVQHECLEFTLAVLMVVPGASTDDRLLLAWPLEGLASNLWLQDLYPVETARLRALDDQDAGTRRRLLLLLCGICRGHPALVRLGWSHLTQVVLHLGEEEVAWTEEALGERFLQALEFLVGSLEQASLPCHFNPSVNLLGNFREEEIDDIGYVLYSGLQVPESLF,0,train
MNQRAPSPPKEPPPPPSLSSSSSLPSSFSSASVPGHTADDSSSPQVPAYNLHSPQISRGDVSPTPIYLRRARAQGIVKEIPLYLPHSPMLESTEDCLVEPGRESLRSPEEISSSEGCQEARALGNTRSIQHPILGKDQYLPNQNLALGAAGNPGDPREESRMGQPGGPELSKERKLGLKKLVLTEEQKNKLLDWSDCTQEHKTGEQLSQESAENIRGGSLKPTCSSTLSQAVKEKLLSQKKALGGMRTPAVKAPQEREVPPPKSPLKLIANAILRSLLHNSEAGKKTSPKPESKTLPRGQPHARSFSLRKLGSSKDGDQQSPGRHMAKKASAFFSLASPTSKVAQASDLSLPNSILRSRSLPSRPSKMFFSTTPHSKVEDVPTLLEKVSLQDATHSPKTGASHISSLGLKDKSFESFLQECKQRKDIGDFFNSPKEEGPPGNRVPSLEKLVQPVGSTSMGQVAHPSSTGQDAHPVAPVTEATSSPTSSSAEEEADSQLSLRIKEKILRRRRKLEKQSAKQEELKRLHKAQAIQRQLEEVEERQRTLAIQGVKLEKVLRGEADSGTQDEAQLLQEWFKLVLEKNKLMRYESELLIMAQELELEDHQSRLEQKLRQKMLKDEGQKDENDLKEEQEIFEEMMQVIEQRNKLVDSLEEQRVKERTQDQHFENFVLSRGCQLSRT,1,train
MAPTLLQKLFNKRGSSGSSAAASAQGRAPKEGPAFSWSCSEFDLNEIRLIVYQDCDRRGRQVLFDSKAVQKIEEVTAQKTEDVPIKISAKCCQGSSSVSSSSSSSISSHSSSGGSSHHAKEQLPKYQYTRPASDVNMLGEMMFGSVAMSYKGSTLKIHYIRSPPQLMISKVFSARMGSFCGSTNNLQDSFEYINQDPNLGKLNTNQNSLGPCRTGSNLAHSTPVDMPSRGQNEDRDSGIARSASLSSLLITPFPSPSSSTSSSSSYQRRWLRSQTTSLENGIIPRRSTDETFSLAEETCSSNPAMVRRKKIAISIIFSLCEKEEAQRNFQDFFFSHFPLFESHMNRLKSAIEKAMISCRKIAESSLRVQFYVSRLMEALGEFRGTIWNLYSVPRIAEPVWLTMMSGTLEKNQLCQRFLKEFTLLIEQINKNQFFAALLTAVLTYHLAWVPTVMPVDHPPIKAFSEKRTSQSVNMLAKTHPYNPLWAQLGDLYGAIGSPVRLTRTVVVGKQKDLVQRILYVLTYFLRCSELQENQLTWSGNHGEGDQVLNGSKIITALEKGEVEESEYVVITVRNEPALVPPILPPTAAERHNPWPTGFPECPEGTDSRDLGLKPDKEANRRPEQGSEACSAGCLGPASDASWKPQNAFCGDEKNKEAPQDGSSRLPSCEVLGAGMKMDQQAVCELLKVEMPTRLPDRSVAWPCPDRHLREKPSLEKVTFQIGSFASPESDFESRMKKMEERVKACGPSLEASEAADVAQDPQVSRSPFKPGFQENVCCPQNRLSEGDEGESDKGFAEDRGSRNDMAADIAGQLSHAADLGTASHGAGGTGGRRLEATRGLYVKAAEGPVLEPVAPRCVQRGPGLVAGANIPCGDDNKKANFRTEGDIPRNESSDSALGDSDDEACASAMLDLGHGGDRTGGSLEVELPLPRSQSISTQNVRNFGRSLLAGYCPTYMPDLVLHGTGSDEKLKQCLVADLVHTVHHPVLDEPIAEAVCIIADTDKWSVQVATSQRKVTDNMKLGQDVLVSSQVSSLLQSILQLYKLHLPADFCIMHLEDRLQEMYLKSKMLSEYLRGHTRVHVKELGVVLGIESNDLPLLTAIASTHSPYVAQILL,1,train
MVLSQEEPDSARGTSEAQPLGPAPTGAAPPPGPGPSDSPEAAVEKVEVELAGPATAEPHEPPEPPEGGWGWLVMLAAMWCNGSVFGIQNACGVLFVSMLETFGSKDDDKMVFKTAWVGSLSMGMIFFCCPIVSVFTDLFGCRKTAVVGAAVGFVGLMSSSFVSSIEPLYLTYGIIFACGCSFAYQPSLVILGHYFKKRLGLVNGIVTAGSSVFTILLPLLLRVLIDSVGLFYTLRVLCIFMFVLFLAGFTYRPLATSTKDKESGGSGSSLFSRKKFSPPKKIFNFAIFKVTAYAVWAVGIPLALFGYFVPYVHLMKHVNERFQDEKNKEVVLMCIGVTSGVGRLLFGRIADYVPGVKKVYLQVLSFFFIGLMSMMIPLCSIFGALIAVCLIMGLFDGCFISIMAPIAFELVGAQDVSQAIGFLLGFMSIPMTVGPPIAGLLRDKLGSYDVAFYLAGVPPLIGGAVLCFIPWIHSKKQREISKTTGKEKMEKMLENQNSLLSSSSGMFKKESDSII,0,train
MCTRPGLAALLVLMTSCASSFSRADTQSASAAALSAASADAQAARQQQEQHLVAQQQQQQQQQQQHSNNNEPQQRAPSLDPYYRSLLDGSQGGQLFAPAQPVSQPDLSPDFSNPMGSSLSQSGTPEDSDTKVDTRGAAPKFFGKKRGQAPRFFGKKRAMAPKFFGKKSSEFPTSNSEQLALDTRGSPRFFGKKSFPESNREQRGSPRFFGKKRFDENVDIDERAAPRFFGKKSSGESAGDSGYISVASRGSPRFFGKKQDDDIMIAARGSPRFFGKKRSDDNVALDLRGSPRFFGKRQSSDLDDEISVALRGSPRFFGKKRADDEDILLGERGSPRFFGKKRANDENISFSLRGSPRFFGKKRSDESDDDNIGLVARGSPRFFGKKRSDETDDENIGLMARGSPRFFGRKRSDGLDDGGNIIDVATRGSPRFFGKKRSNSDSSDKSSDSALSSSESGRQTRQAPRFFGKRYVDEHHVSKRAAATAFPLIIEARQAPRFFGKREYRYPPRGSPHFIGKRFSLYRSPGKYSLSSPYMSAKEFKETFRRSDPFFMGKRTAELNEEGSDDFTNDDTDDENEYDETVLFKRGAPRFVGKRGAPRFLGRRGAPRFIGRRGAPRFVGKRGPPRFIGKRDLDWYQKALCAEADILELDDCADFLGNDDVKRQAPRFIGRKRGEDVSERDYAQLLEALSRLQAIKQIKARIQNEKRLWVPGMVGRRSEYNLGPFDEFVDESMER,1,train
MVMADGPRHLQRGPVRVGFYDIEGTLGKGNFAVVKLGRHRTTKTEVAIKIIDKSQLDAVNLEKIYREVQIMKMLDHPHIIKLYQVMETKSMLYLVTEYAKNGEIFDYLANHGRLNESEARRKFWQILSAVDYCHGRKVVHRDLKAENLLLDNNMNIKIADFGFGNFFKTGELLATWCGSPPYAAPEVFEGQQYEGPQLDIWSMGVVLYVLVCGALPFDGPTLPILRQRVLEGRFRIPYFMSEDCEHLIRRMLVLDPSKRLSIAQIKEHKWMLIEVPVQRPILYPQEQENEPSIGEFNEQVLRLMHSLGIDQQKTVESLQNKSYNHFAAIYFLLVERLKSHRSSFPVEQRLDGRQRRPSTIAEQTVAKAQTVGLPVTLHPPNVRLMRSTLLPQASNVEAFSFPTSSCQAEAAFMEEECVDTPKVNGCLLDPVPPVLVRKGCQSLPSSMMETSIDEGLETEGEAEEDPSQAFEAFQATRSGQRRHTLSEVTNQLVVMPGAGKMFSMSDNPSLESVDSEYDMGSAQRDLNFLEDSPSLKDIMLANQPSPRMTSPFISLRPANPAMQALSSQKREAHNRSPVSFREGRRASDTSLTQGIVAFRQHLQNLARTKGILELNKVQLLYEQMGSNADPTLTSTAPQLQDLSSSCPQEEISQQQESVSSLSASMHPQLSPQQSLETQYLQHRLQKPNLLPKAQSPCPVYCKEPPRSLEQQLQEHRLQQKRLFLQKQSQLQAYFNQMQIAESSYPGPSQQLALPHQETPLTSQQPPSFSLTQALSPVLEPSSEQMQFSSFLSQYPEMQLQPLPSTPGPRAPPPLPSQLQQHQQPPPPPPPPPPQQPGAAPTSLQFSYQTCELPSTTSSVPNYPASCHYPVDGAQQSNLTGADCPRSSGLQDTASSYDPLALSELPGLFDCEMVEAVDPQHNGVVSCLARET,1,train
MVLPLFRRAAIARTSSLLRARLFAPASEFHSRFSNGLYHLDDKISSSNGVRSASIDLITRMDDSSPKPILRFGVQNFSSTGPISQTVLAMPALSPTMSHGNVVKWMKKEGDKVEVGDVLCEIETDKATVEFESQEEGFLAKILVTEGSKDIPVNEPIAIMVEEEDDIKNVPATIEGGRDGKEETSAHQVMKPDESTQQKSSIQPDASDLPPHVVLEMPALSPTMNQGNIAKWWKKEGDKIEVGDVIGEIETDKATLEFESLEEGYLAKILIPEGSKDVAVGKPIALIVEDAESIEAIKSSSAGSSEVDTVKEVPDSVVDKPTERKAGFTKISPAAKLLILEHGLEASSIEASGPYGTLLKSDVVAAIASGKASKSSASTKKKQPSKETPSKSSSTSKPSVTQSDNNYEDFPNSQIRKIIAKRLLESKQKIPHLYLQSDVVLDPLLAFRKELQENHGVKVSVNDIVIKAVAVALRNVRQANAFWDAEKGDIVMCDSVDISIAVATEKGLMTPIIKNADQKSISAISLEVKELAQKARSGKLAPHEFQGGTFSISNLGMYPVDNFCAIINPPQAGILAVGRGNKVVEPVIGLDGIEKPSVVTKMNVTLSADHRIFDGQVGASFMSELRSNFEDVRRLLL,1,train
MSPSNQSAEGLPQEAANRSLNATGTPEAWDPGTLQALKISLAVVLSIITVATVLSNTFVLTTILLTRKLHTPANYLIGSLATTDLLVSILVMPISIAYTITHTWNFGQVLCDIWVSSDITCCTASILHLCVIALDRYWAITDALEYSKRRTAGHAAAMIAVVWAISICISIPPLFWRQAKAHEEVSDCLVNTSQISYTIYSTCGAFYIPSVLLIVLYGRIYMAARNRILNPPSLYGKRFTTAHLITGSAGSSLCSLSPSLGEGHSHSAGSPLFFNPVRIKLADSVLERKRISAARERKATKTLGIILGAFIGCWLPFFVASLVLPICRDSCWMPPGLFDFFTWLGYLNSLINPIIYTVFNEDFRQAFQRVIHFRKAF,0,train
MENHKDDAVLLKHGWCEMLKGGVIMDVKSVEQAKIAEEAGAIGVMVLENIPSELRNKEGVARSVDPSKVEEIKKCVSINVLAKVRIGHFVEAQILEELKIDMIDESEVLTIADEMHHIDKHKFKTPFVCGCTNLGEALRRISEGASMIRTKGEAGTGNIIEAIKHIRTVNNEIKYLCSLSDSEVYHFAKKINAPIDLVLLTKKLKRLPVVNFAAGGVATPADAAMCMQLGMDGVFVGSGIFESENPRKMAASIVSAVSNFNNPKILLDVSMNLGKAMCGSTRVSDKWKNKNEEHTKFLTPQ,1,train
MATITASSSASLVARASLVHNSRVGVSSSPILGLPSMTKRSKVTCSIENKPSTTETTTTTNKSMGASLLAAAAAATISNPAMALVDERMSTEGTGLPFGLSNNLLGWILFGVFGLIWALYFVYASGLEEDEESGLSL,0,train
MARGPKKHLKRVAAPKHWMLDKLTGVFAPRPSTGPHKLRECLPLIIFLRNRLKYALTGDEVKKICMQRFIKIDGKVRTDITYPAGFMDVISIDKTGENFRLIYDTKGRFAVHRITPEEAKYKLCKVRKIFVGTKGIPHLVTHDARTIRYPDPLIKVNDTIQIDLETGKITDFIKFDTGNLCMVTGGANLGRIGVITNRERHPGSFDVVHVKDANGNSFATRLSNIFVIGKGNKPWISLPRGKGIRLTIAEERDKRLAAKQSSG,1,train
MYKDCIESTGDYFLLCDAEGPWGIILESLAILGIVVTILLLLAFLFLMRKIQDCSQWNVLPTQLLFLLSVLGLFGLAFAFIIELNQQTAPVRYFLFGVLFALCFSCLLAHASNLVKLVRGCVSFSWTTILCIAIGCSLLQIIIATEYVTLIMTRGMMFVNMTPCQLNVDFVVLLVYVLFLMALTFFVSKATFCGPCENWKQHGRLIFITVLFSIIIWVVWISMLLRGNPQFQRQPQWDDPVVCIALVTNAWVFLLLYIVPELCILYRSCRQECPLQGNACPVTAYQHSFQVENQELSRARDSDGAEEDVALTSYGTPIQPQTVDPTQECFIPQAKLSPQQDAGGV,0,train
MTMNETSAIPARQRENQFFEIGVVGRKTGFTVPRDVKKGDDGFEDMDAYFLSDGSIHLDEDNGDIEQDMPPVTRLQPTSPMAVNAASDEASHASSSDSSDKNPDIPSSPLLMNSRALRASRGSSGPLIVPIDHSAFQAEDEGTADKTKVDGNKLSIQPRKANRIVDFSRIKASPDRKKFEPRRSTELPSKIPSSTPKDDNVQESPAFPDENITALQKNVANFTSIKDSGGRDNLYIQTISKPRRSYVQNNKSEQTIKPSKQNKQKEEKKTISQGNKPNSRDEDSELSIDVPLSMLNRSLANNSQKNKKRTPNKPLQESSINSVKEGESNPVVKRKRGRPRKNKLEIGNSVQTSEATQVKGAKKPAIRNAKKMSNEKDDSLNSQSDSASGEFIKTIARNNLQEIKQVEREDTLVGVRRSKRTRIAPLAFWKNERVVYELHRDENRIPALPEVKQIIRVDDPSPSIRQGRKKRHAKRSGVEIKSNLEAKSNDVEEYDAFYKDEINCEVLSWNEQNPKASEERVVGYSLPSVNLQQISNQQLKFASLFKEEPSFAAGVVEMPAGAEKPVKPSKHNIMSFCILQGKIEVTVNATTFRMKKDGVFIVPRGNYYSIKNIGKEAVRLYYTHATDTLENKRRGIGDFPNER,1,train
MDFLNSSDQNLTSEELLNRMPSKILVSLTLSGLALMTTTINSLVIAAIIVTRKLHHPANYLICSLAVTDFLVAVLVMPFSIVYIVRESWIMGQVVCDIWLSVDITCCTCSILHLSAIALDRYRAITDAVEYARKRTPKHAGIMITIVWIISVFISMPPLFWRHQGTSRDDECIIKHDHIVSTIYSTFGAFYIPLALILILYYKIYRAAKTLYHKRQASRIAKEEVNGQVLLESGEKSTKSVSTSYVLEKSLSDPSTDFDKIHSTVRSLRSEFKHEKSWRRQKISGTRERKAATTLGLILGAFVICWLPFFVKELVVNVCDKCKISEEMSNFLAWLGYLNSLINPLIYTIFNEDFKKAFQKLVRCRC,0,train
MASRIINHSKKLKHVSALLRRDHAVAVRCFSNSTHPSLVGREDIFKARLNYSSVERISKCGTGNVTMLSGISTTSTKLSSPMAGPKLFKEFISSQMRSVRGFSSSSDLPPHQEIGMPSLSPTMTEGNIARWLKKEGDKVAPGEVLCEVETDKATVEMECMEEGFLAKIVKEEGAKEIQVGEVIAITVEDEDDIQKFKDYTPSSDTGPAAPEAKPAPSLPKEEKVEKPASAPEAKISKPSSAPSEDRIFASPLARKLAEDNNVPLSSIKGTGPEGRIVKADVEDFLASGSKETTAKPSKQVDSKVPALDYVDIPHTQIRKVTASRLAFSKQTIPHYYLTVDTCVDKMMGLRSQLNSFQEASGGKRISVNDLVIKAAALALRKVPQCNSSWTDEYIRQFKNVNINVAVQTENGLYVPVVKDADKKGLSTIGEEVRFLAQKAKENSLKPEDYEGGTFTVSNLGGPFGIKQFCAVINPPQAAILAIGSAEKRVVPGTGPDQYNVASYMSVTLSCDHRVIDGAIGAEWLKAFKGYIETPESMLL,1,train
MPLQSLVKALWNVLHEEESEGYPDLTELIAEVESYQQRYPKQNPTNSQKIRHILDEIYEKTPFNNTRRRILWLAVLKTVIPLLILDRQAVGEWWDQIFFPFLNSPTQLKPVFSDLKSILFYILIFHDEDEWGGDLRRECAEETITRLVDLYVSKAIENLGDVESQEQRNQTIECLVNVLVHYGIQRPKELSSCFCHHFLNPPTRIPILSVMVEVIRRQGPRLYEIPQTGFYDLVLKCAEFDTSPILLSYALSFILMILSHICNSLDDSLYRLFCIYLRFSMIDPTSGFPSSTASGNWEVFHDFMSTYASTTTSQTDSSYNDVHDIVGSSQPDYLESLDYSQLFSILYALYPINFLEFLRDPKLYASKHNFQIRYSFNQELLSTKSDGLLGRHLAHSNFLKYTAETELTDKSRWTRLDSIAVVALCNSLNAVGIAESVMDPFGGKLPTTYEETSSATGLLAYPNESHDIASEPFSISWPQNPSISGSVHSATTFDKAQLSNTEDSYDNISHGTSYSEGVSSIHMVKGERGSNNLELTSESLSSTNDTIRRLQRDLLFLQNELRFEKFVRQQHLQNIGKLHREHILDMAVESERQKLLLTNKRYKAQIELLNSEIDKHRSESQAALNRRVKWENDFNNKIKALREEKKAWKSEESELKSSIESLISQLESIRNSQIDIAFSKNQLELKLQLYETKLKEYEQHLSCVNISKKQVSSSSDTSFGNTKMDSSMILSNSEAVSDEQERELIESEKHRMKLESENLHLQANIELLKKDLEAINVVYEAKIFDLEKRLSSEANAPELHNPVNLNYDAQLSKISEIKENYDELLTRYRELEGKFLESQAEVEELKNFQKPLVDTGSSIHSSPGLQQSKFIIRNDSLHPKVGPPRRQSTDTSRSTFRQY,1,train
RTCLISPSSTSQTCPKGQDICFTKAFCDRWCSSRGPVIEQGCAATCPEFTSRYKSLLCCTTDNCNH,1,train
MSKVARSSSESDVQLWETEEDDMTEGDLGYGLGRKPGGIYEIEFSHRSRKRSDGKNFSPPPFPRKGEERNEASFQYSKHKSQQDTFPQVSRISNYRRQSSTVDSNSELSNEELRQCLNETLEEVEMLKTELEASQRQLRGKEEALKILQSMAILGKATSHTQAVLQKTMEQNRSLEKEINALQWEIEFDHNRFKNIEESWIQKYDRLNCENAVLKENLKVKTEEIKMLKSDNAVLNQRYLEALAMLDIKQQKMAQENMCCDKSGFAEASGLELAVLGACLCHGPGGNPCSCARMAASTRKLLLQLKQELEILQKSKEEAYVMADAFRIAFEQQLMRKNDQALQLTQMDKMHKKATKWMNWKHLKEDGFPSPRSKKTFGQRLLGMLPSENSSKRMEDQDSPQEVLKMLIDLLNDKEEALAHQRKVSYMLARALEDKDTASNENKEKNPIKENFPFNNPWRKTSEFSVLGDPIHSSVCILNSVGCICSIQHSQIDPNYRTLKRSHSLPSSIIF,1,train
MQANGAGGGGGGGGGGGGGGGGGGGQGQTPELACLSAQNGESSPSSSSSAGDLAHANGLLPSAPSAASNNSNSLNVNNGVPGGAAAASSATVAAASATTAASSSLATPELGSSLKKKKRLSQSDEDVIRLIGQHLNGLGLNQTVDLLMQESGCRLEHPSATKFRNHVMEGDWDKAENDLNELKPLVHSPHAIVVRGALEISQTLLGIIVRMKFLLLQQKYLEYLEDGKVLEALQVLRCELTPLKYNTERIHVLSGYLMCSHAEDLRAKAEWEGKGTASRSKLLDKLQTYLPPSVMLPPRRLQTLLRQAVELQRDRCLYHNTKLDNNLDSVSLLIDHVCSRRQFPCYTQQILTEHCNEVWFCKFSNDGTKLATGSKDTTVIIWQVDPDTHLLKLLKTLEGHAYGVSYIAWSPDDNYLVACGPDDCSELWLWNVQTGELRTKMSQSHEDSLTSVAWNPDGKRFVTGGQRGQFYQCDLDGNLLDSWEGVRVQCLWCLSDGKTVLASDTHQRIRGYNFEDLTDRNIVQEDHPIMSFTISKNGRLALLNVATQGVHLWDLQDRVLVRKYQGVTQGFYTIHSCFGGHNEDFIASGSEDHKVYIWHKRSELPIAELTGHTRTVNCVSWNPQIPSMMASASDDGTVRIWGPAPFIDHQNIEEECSSMDS,1,train
MKRQSERDSSPSGRGSSSSAKRPREREREAEAGGRRAAHKASGGAKHPVPARARDKPRGSGSGGGGHRDGRGTGDANHRASSGRSSGSGAGGGGRGGKASGDPGASGMSPRASPLPPPPPPPGAEPACPGSSAAAPEYKTLLISSLSPALPAEHLEDRLFHQFKRFGEISLRLSHTPELGRVAYVNFRHPQDAREARQHALARQLLLYDRPLKVEPVYLRGGGGSSRRSSSSSAAASTPPPGPPAPADPLGYLPLHGGYQYKQRSLSPVAAPPLREPRARHAAAAFALDAAAAAAVGLSRERALDYYGLYDDRGRPYGYPAVCEEDLMPEDDQRATRNLFIGNLDHSVSEVELRRAFEKYGIIEEVVIKRPARGQGGAYAFLKFQNLDMAHRAKVAMSGRVIGRNPIKIGYGKANPTTRLWVGGLGPNTSLAALAREFDRFGSIRTIDHVKGDSFAYIQYESLDAAQAACAKMRGFPLGGPDRRLRVDFAKAEETRYPQQYQPSPLPVHYELLTDGYTRHRNLDADLVRDRTPPHLLYSDRDRTFLEGDWTSPSKSSDRRNSLEGYSRSVRSRSGERWGADGDRGLPKPWEERRKRRSLSSDRGRTTHSPYEERSRTKGSGQQSERGSDRTPERSRKENHSSEGTKESSSNSLSNSRHGAEERGHHHHHHEAADSSHGKKARDSERNHRTTEAEPKPLEEPKHETKKLKNLSEYAQTLQLGWNGLLVLKNSCFPTSMHILEGDQGVISSLLKDHTSGSKLTQLKIAQRLRLDQPKLDEVTRRIKQGSPNGYAVLLATQATPSGLGTEGMPTVEPGLQRRLLRNLVSYLKQKQAAGVISLPVGGSKGRDGTGMLYAFPPCDFSQQYLQSALRTLGKLEEEHMVIVIVRDTA,1,train
MPPAIGGPVGYTPPDGGWGWAVVVGAFISIGFSYAFPKSITVFFKEIEIIFSATTSEVSWISSIMLAVMYAGGPISSILVNKYGSRPVMIAGGCLSGCGLIAASFCNTVQELYFCIGVIGGLGLAFNLNPALTMIGKYFYKKRPLANGLAMAGSPVFLSTLAPLNQAFFGIFGWRGSFLILGGLLLNCCVAGSLMRPIGPQQGKVEKLKSKESLQEAGKSDANTDLIGGSPKGEKLSVFQTVNKFLDLSLFTHRGFLLYLSGNVVMFFGLFTPLVFLSNYGKSKHFSSEKSAFLLSILAFVDMVARPSMGLAANTRWIRPRVQYFFAASVVANGVCHLLAPLSTTYVGFCIYAGVFGFAFGWLSSVLFETLMDLVGPQRFSSAVGLVTIVECCPVLLGPPLLGRLNDMYGDYKYTYWACGVILIIAGLYLFIGMGINYRLVAKEQKAEEKKRDGKEDETSTDVDEKPKKTMKETQSPAPLQNSSGDPAEEESPV,0,train
MAFRRAEGTSMIQALAMTVAEIPVFLYTTFGQSAFSQLRLTPGLRKVLFATALGTVALALAAHQLKRRRRRKKQVGPEMGGEQLGTVPLPILLARKVPSVKKGYSSRRVQSPSSKSNDTLSGISSIEPSKHSGSSHSVASMMAVNSSSPTAACSGLWDARGMEESLTTSDGNAESLYMQGMELFEEALQKWEQALSVGQRGDSGSTPMPRDGLRNPETASEPLSEPESQRKEFAEKLESLLHRAYHLQEEFGSTFPADSMLLDLERTLMLPLTEGSLRLRADDEDSLTSEDSFFSATELFESLQTGDYPIPLSRPAAAYEEALQLVKEGRVPCRTLRTELLGCYSDQDFLAKLHCVRQAFEGLLEDKSNQLFFGKVGRQMVTGLMTKAEKSPKGFLESYEEMLSYALRPETWATTRLELEGRGVVCMSFFDIVLDFILMDAFEDLENPPASVLAVLRNRWLSDSFKETALATACWSVLKAKRRLLMVPDGFISHFYSVSEHVSPVLAFGFLGPKPQLAEVCAFFKHQIVQYLRDMFDLDNVRYTSLPALADDILQLSRRRSEILLGYLGVPAASSAGVNGALPRENGPLGELQ,0,train
SVVATQLIPINTALTPAMMEGKVTNPIGIPFAEMSQIVGKQVNRIVAKGQTLMPNMVKTYAA,1,train
MRARSGVRSALLLALLLCWDPTPSLAGVDSAGQVLPDSYPSAPAEQLPYFLLEPQDAYIVKNKPVELHCRAFPATQIYFKCNGEWVSQNDHVTQESLDEATGLRVREVQIEVSRQQVEELFGLEDYWCQCVAWSSSGTTKSRRAYIRIAYLRKNFDQEPLAKEVPLDHEVLLQCRPPEGVPVAEVEWLKNEDVIDPAQDTNFLLTIDHNLIIRQARLSDTANYTCVAKNIVAKRRSTTATVIVYVNGGWSSWAEWSPCSNRCGRGWQKRTRTCTNPAPLNGGAFCEGQAFQKTACTTVCPVDGAWTEWSKWSACSTECAHWRSRECMAPPPQNGGRDCSGTLLDSKNCTDGLCVLNQRTLNDPKSHPLETSGDVALYAGLVVAVFVVVAVLMAVGVIVYRRNCRDFDTDITDSSAALTGGFHPVNFKTARPNNPQLLHPSAPPDLTASAGIYRGPVYALQDSADKIPMTNSPLLDPLPSLKIKVYNSSTIGSGSGLADGADLLGVLPPGTYPGDFSRDTHFLHLRSASLGSQHLLGLPRDPSSSVSGTFGCLGGRLSLPGTGVSLLVPNGAIPQGKFYDLYLHINKAESTLPLSEGSQTVLSPSVTCGPTGLLLCRPVVLTVPHCAEVIAGDWIFQLKTQAHQGHWEEVVTLDEETLNTPCYCQLEAKSCHILLDQLGTYVFMGESYSRSAVKRLQLAIFAPALCTSLEYSLRVYCLEDTPVALKEVLELERTLGGYLVEEPKPLLFKDSYHNLRLSLHDIPHAHWRSKLLAKYQEIPFYHVWNGSQRALHCTFTLERHSLASTEFTCKVCVRQVEGEGQIFQLHTTLAETPAGSLDALCSAPGNAITTQLGPYAFKIPLSIRQKICSSLDAPNSRGNDWRLLAQKLSMDRYLNYFATKASPTGVILDLWEARQQDDGDLNSLASALEEMGKSEMLVAMATDGDC,0,train
MGLLCSRSRHHTEDTDENTQAAEIERRIEQEAKAEKHIRKLLLLGAGESGKSTIFKQIKLLFQTGFDEGELKSYVPVIHANVYQTIKLLHDGTKEFAQNETDSAKYMLSSESIAIGEKLSEIGGRLDYPRLTKDIAEGIETLWKDPAIQETCARGNELQVPDCTKYLMENLKRLSDINYIPTKEDVLYARVRTTGVVEIQFSPVGENKKSGEVYRLFDVGGQRNERRKWIHLFEGVTAVIFCAAISEYDQTLFEDEQKNRMMETKELFDWVLKQPCFEKTSFMLFLNKFDIFEKKVLDVPLNVCEWFRDYQPVSSGKQEIEHAYEFVKKKFEELYYQNTAPDRVDRVFKIYRTTALDQKLVKKTFKLVDETLRRRNLLEAGLL,0,train
MSAAGARGLRATYHRLLDKVELMLPEKLRPLYNHPAGPRTVFFWAPIMKWGLVCAGLADMARPAEKLSTAQSAVLMATGFIWSRYSLVIIPKNWSLFAVNFFVGAAGASQLFRIWRYNQELKAKAHK,0,train
METLLLTLLVVTIVCLDLGYTLECHNQQSSQTPTTTGCSGGETNCYKKRWRDHRGYRTERGCGCPSVKNGIEINCCTTDRCNN,1,train
MERTNSIEMDRERLTAEMAFRDSSSAVIRIRRRLPDLLTSVKLKYVKLGLHNSCNVTTILFFLIILPLTGTVLVQLTGLTFDTFSELWSNQAVQLDTATRLTCLVFLSFVLTLYVANRSKPVYLVDFSCYKPEDERKISVDSFLTMTEENGSFTDDTVQFQQRISNRAGLGDETYLPRGITSTPPKLNMSEARAEAEAVMFGALDSLFEKTGIKPAEVGILIVNCSLFNPTPSLSAMIVNHYKMREDIKSYNLGGMGCSAGLISIDLANNLLKANPNSYAVVVSTENITLNWYFGNDRSMLLCNCIFRMGGAAILLSNRRQDRKKSKYSLVNVVRTHKGSDDKNYNCVYQKEDERGTIGVSLARELMSVAGDALKTNITTLGPMVLPLSEQLMFLISLVKRKMFKLKVKPYIPDFKLAFEHFCIHAGGRAVLDEVQKNLDLKDWHMEPSRMTLHRFGNTSSSSLWYEMAYTEAKGRVKAGDRLWQIAFGSGFKCNSAVWKALRPVSTEEMTGNAWAGSIDQYPVKVVQ,0,train
QAIGPPFGLCFQCNQKTSSDCFNAKRCPPFHRTCYTLYKPDGGEEWAVKGCAKGCPTAGPDERVKCCHTPRCNN,1,train
MALSGQDWRRHQSHRQHRNHRTQGNHQKLISTATLTLFVLFLSSWIAYAAGKATVPAPLVEGETESATSQDFNSSSAFLGAIASASSTGSGSGSGSGSGSGSGSGSYGLASMNSSPIAIVSYQGITSSNLGDSNTTLVPLSDTPLLLEEFAAGEFVLPPLTSIFVSIVLLIVILGTVVGNVLVCIAVCMVRKLRRPCNYLLVSLALSDLCVALLVMPMALLYEVLEKWNFGPLLCDIWVSFDVLCCTASILNLCAISVDRYLAITKPLEYGVKRTPRRMMLCVGIVWLAAACISLPPLLILGNEHEDEEGQPICTVCQNFAYQIYATLGSFYIPLSVMLFVYYQIFRAARRIVLEEKRAQTHLQQALNGTGSPSAPQAPPLGHTELASSGNGQRHSSVGNTSLTYSTCGGLSSGGGALAGHGSGGGVSGSTGLLGSPHHKKLRFQLAKEKKASTTLGIIMSAFTVCWLPFFILALIRPFETMHVPASLSSLFLWLGYANSLLNPIIYATLNRDFRKPFQEILYFRCSSLNTMMRENYYQDQYGEPPSQRVMLGDERHGARESFL,0,train
MEENSSELDSNNFNVLVDNLAGLSLTDEEVRRILSPRKEGSRQLPSSTSKDEDSEEASHKYDFEIDRDSLKSDSGSPRLHQNATAPTSSTPLQSPDESVNKLNSEDEEGNSSVAPFFLDTTNFDRLNDNITTDDEQLSPVLTANQGFQSQEQYEEDSYNNYDYTSDPSSPNYISSSLDQLPHLDDEDDLQLTPIKEERNYLHSQDAPTTNALSKKISDILIPASAMKDLKDRKNALAKEFEESQPGSSLTLKEQANVIDNLRKEVFGLKLKCYFLYDQLNKFHDQEVQDIMKQNIDLKTLTMELQRAVAGYEKKISGLESRIKPDQSFNLSTPSPAPSNLITLQSRYSQALSELETTKRAFAALRKEKSKKTNYSVGAYNEDRNVLSNMLDNERREKEALLQELESLRVQLSKKVPMPAKNTDERVIETLQRSNELLRMDISMQNEALLLRKQENDRLVKQVEELTVALNSGKMNAIVEAESSKNELWDSMMVSRMKTQEQSIELTRLYKQLQDIEEDYENKLMRMEQQWREDVDQLQEYVEEITQELQDTKEVLSKSSKESDDYEEVVGKLRTEAEREIEKFEKTIRENEESISLFKEEVEKLTDEITQLSERYNDKCHEFDELQKRLQTLEEENNKAKEDSTSKTSNLLEQLKMTEAEVDSLRKENEENKQVIALKESELVKSNDNKLLLNEQIESLNDQLSQLKTEMESVTTSKESLADYLSNLKERHNDELDSLNKKLREFEGILSSNSSLKSEIEERNNQYVTLRENFDSLQNAIMETFDKQVTHCSVNHLVQQIRKLKDENKKDQSGTDKLMKKIYHCEQSLKEKTNSLETLVSEKKELKNLLDAERRSKKAIQLELENLSSQAFRRNLSGSSSPSERSQSRELKLLQASEKRLKEQVEERNSLIKNIVTRFTQLNTGSKPVNTNVEALTTISSMNQAVNMNFRELDKSIQEFKRKCQSMEREFKTELRKLDGVLEARSKRLSQLEERVKLLGAGSTSSIPNSPRASKRVSLDSEDKKLVPASPDKSAVQRGITALKRDAEGMSHIWQLRLREMEFQLKAEQEGRKRDKLGARERLQDLIRQNRSLSRQIKTDKESNSRSPSISSQEHK,1,train
MVIVTRGDYIWIEPASGREFDVAIGARVVSAEGRRIQVRDDDGDEVWLAPERRIKAMHASSVQGVEDMISLGDLHEAGILRNLLIRYKENLIYTYTGSILVAVNPYQILPIYTGDQIKLYKERKIGELPPHIFAIGDNAYAHMKRYRQDQCIVISGESGAGKTESTKLILQYLAAISGKHSWIEQQILEANPILEAFGNAKTIRNDNSSRFGKYIDIHFSANGVIEGAKIEQYLLEKSRIVSQNHSERNYHVFYCILAGLSADEKSRLDLGMAADYKYLTGGNSITCEGRDDAAEFSDIRSAMKVLLFSDQEIWEIIKLLAALLHCGNIKYKATVVDNLDATEIPEHINVERVAGLLGLPIQPLIDALTRRTLFAHGETVVSTLSRDQSVDVRDAFVKGIYGRMFVHIVRKINTAIFKPRGTSRNAIGVLDIFGFENFDQNSFEQFCINYANENLQQFFVQHIFKLEQEEYNHEAINWQHIEFVDNQDALDLIAIKQLNIMALIDEEARFPKGTDQTMLAKLHKTHGSHKNYLKPKSDINTSFGLNHFAGVVFYDTRGFLDKNRDTFSPDLLHLVSQSTNKFLRQIFAQDIEMGAETRKRTPTLSTQFRKSLDALMKTLSSCQPFFIRCIKPNELKKPMMFDRGLCCRQLRYSGMMETIRIRRAGYPIRHGFREFVERYRFLIPGVPPAHRTDCQAATSRICAVVLGKSDYQLGHTKVFLKDAHDLFLEQERDRVLTRKILILQRSIRGWVYRRRFLRLRAAAITVQRFWKGYAQRKRYRNMRVGYMRLQALIRSRVLSHRFRHLRGHIVGLQAHARGYLVRREYGHKMWAVIKIQSHVRRMIAMRRYRKLRLEHKQFAEVLQLRKLEEQELLHRGNKHAREIAEQHYRDRLHELERREIQEQLENRRRVEVNMNIINDAARKQEEPVDDGKLVEAMFDFLPDSSSDAPTPHGGRETSVFNDLPHAQNVNQDDIIAPIHISEDEEDLSEFKFQKFAATYFQGNVNHQYAKKALKHPLLPLHTQGDQLAAQALWITILRFTGDMPEPKYHTMDRMDTTSVMSKVTATLGRNFIRSKEFQEAQLMGLDPDAFLKQKPRSIRHKLVSLTLKRKNKLGEDVRRRLQDDEYTADSYQSWLQSRPTSNLEKLHFIIGHGILRAELRDEIYCQICKQLTNNPLKSSHARGWILLSLCVGCFAPSEKFVNYLRAFIREGPPGYAPYCEERLKRTFNNGTRNQPPSWLELQATKSKKPIMLPITFMDGNTKTLLADSATTARELCNQLSDKISLKDQFGFSLYIALFDKVSSLGSGGDHVMDAISQCEQYAKEQGAQERNAPWRLFFRKEIFAPWHEPTHDQVATNLIYQQVVRGVKFGEYRCDKEEDLAMIAAQQYFIEYSTDMSMERLFTLLPNFIPDFCLSGVDKAIERWAALVLQAYKKSYYVKDKIAPLKIKEDIVSYAKYKWPLLFSRFYEAYRNSGPNLPKNDVIIAVNWTGVYVVDDQEQVLLELSFPEITAVSSQKTNKVFTQTFSLSTVRGEEFTFQSPNAEDIRDLVVYFLDGLKKRSKYVIALQDYRAPSDGTSFLSFFKGDLIILEDESCGESVLNNGWCIGRCDRSQERGDFPAETVYVLPTLSKPPQDILALFNIEEAHHGRRLSMASNGGAVEPRDRPHTLMEYALDHFRLPPKRTMSKTLTLSSKRSEELWRYSRDPIKAPLLRKLQSKEEFAEEACFAFAAILKYMGDLPSKRPRMGNEITDHIFDGPLKHEILRDEIYCQLMKQLTDNRNRMSEERGWELMWLATGLFACSQGLLKELLLFLRTRRHPISQDSMHRLQKTIRHGQRKYPPHQVEVEAIQHKTTQIFHKVYFPDDTDEAFEVDSSTRAKDFCNNISQRLSLRTSEGFSLFVKIADKVISVPEGDFFFDFVRHLTDWIKKARPIRDGANPQFTYQVFFMKKLWTNTVPGKDRNADLIFHYHQELPKLLRGYHKCSREEAAKLAALVFRVRFGENKQELQAIPQMLRELIPSDIMKIQSTSEWKRSIVASYNQDGGMTSEDAKVAFLKIVYRWPTFGSAFFEVKQTTEPNYPEMLLIAINKHGVSLIHPVTKDILVTHPFTRISNWSSGNTYFHMTIGNLVRGSKLLCETSLGYKMDDLLTSYISLMLTNMNKNRTIRAN,1,train
MNKFILLLSLVTLSCVLAVPQLPAAQQYYMKGSFNIPYFNIVEPIELIYDSVNNRQYISVYNGMDITINFYNQDNTYNVGPVKYDMVCTTTPGNGSLVNVLPTEPSSWVYNGTSTVNGVQVFGYSQKITQYGRTGFYNFYVDANGVPVQFYMDGVDYVFGSHPDVYVLNFDIYTTDISSYESYFDIPVLCNNAKEAPAKENQFDGLFSSIGDNLLAKEEQASNLFKEYKAQYNKEYSSQDEHDERFINFKAARKIIATHNAKESSYKLGMNHYADLSNKEFNTLVKPKVARPSVTGADSVHDDESLRSIPSTVDWRNQNCVTPVKDQGICGSCWTFGSTGSLEGTNCVTNGELVSLSEQQLVDCAILTGSQGCGGGFASSAFQYVMEIGSLATESNYPYLMQNGLCRDRTVTPSGVSITGYVNVTSGSESALQNAIATTGPVAIAIDASVDDFRYYMSGVYNNPACKNGLDDLDHEVLAIGYGTYQGQDYFLVKNSWSTNWGMDGYVYMARNDNNLCGVSSQATYPIPTKN,1,train
MKFFAVFALCVASVSAANLDAIAKPGFPAGRIINGHEAEKGEAPFIVSLKAGKGHFCGGSIIAENWVLTAGHCLIFDEFEIVAGLHSRNDESDVQIRKVTGKHQQIVHEKYGGGVGPNDIGLIYVDKPFNLNALTRDGTAAVAKVNLPTGKYESTGEGKLYGWGLDNSGFSPNILNTLDVNIIGYEECKNALNSDAPLDPVNICSYTAGAIDGACNGDSGGPMVRITPDGTELVGIVSWGYQPCASTTMPSVYTWTSAFDKWIEDSIENYAQLL,1,train
MASSNPPPQPAIGDQLVPGVPGPSSEAEDDPGEAFEFDDSDDEEDTSAALGVPSLAPERDTDPPLIHLDSIPVTDPDPAAAPPGTGVPAWVSNGDAADAAFSGARHSSWKRKSSRRIDRFTFPALEEDVIYDDVPCESPDAHQPGAERNLLYEDAHRAGAPRQAEDLGWSSSEFESYSEDSGEEAKPEVEVEPAKHRVSFQPKLSPDLTRLKERYARTKRDILALRVGGRDMQELKHKYDCKMTQLMKAAKSGTKDGLEKTRMAVMRKVSFLHRKDVLGDSEEEDMGLLEVSVSDIKPPAPELGPMPEGLSPQQVVRRHILGSIVQSEGSYVESLKRILQDYRNPLMEMEPKALSARKCQVVFFRVKEILHCHSMFQIALSSRVAEWDSTEKIGDLFVASFSKSMVLDVYSDYVNNFTSAMSIIKKACLTKPAFLEFLKRRQVCSPDRVTLYGLMVKPIQRFPQFILLLQDMLKNTPRGHPDRLSLQLALTELETLAEKLNEQKRLADQVAEIQQLTKSVSDRSSLNKLLTSGQRQLLLCETLTETVYGDRGQLIKSKERRVFLLNDMLVCANINFKPANHRGQLEISSLVPLGPKYVVKWNTALPQVQVVEVGQDGGTYDKDNVLIQHSGAKKASASGQAQNKVYLGPPRLFQELQDLQKDLAVVEQITLLISTLHGTYQNLNMTVAQDWCLALQRLMRVKEEEIHSANKCRLRLLLPGKPDKSGRPISFMVVFITPNPLSKISWVNRLHLAKIGLREENQPGWLCPDEDKKSKAPFWCPILACCIPAFSSRALSLQLGALVHSPVNCPLLGFSAVSTSLPQGYLWVGGGQEGAGGQVEIFSLNRPSPRTVKSFPLAAPVLCMEYIPELEEEAESRDESPTVADPSATVHPTICLGLQDGSILLYSSVDTGTQCLVSCRSPGLQPVLCLRHSPFHLLAGLQDGTLAAYPRTSGGVLWDLESPPVCLTVGPGPVRTLLSLEDAVWASCGPRVTVLEATTLQPQQSFEAHQDEAVSVTHMVKAGSGVWMAFSSGTSIRLFHTETLEHLQEINIATRTTFLLPGQKHLCVTSLLICQGLLWVGTDQGVIVLLPVPRLEGIPKITGKGMVSLNGHCGPVAFLAVATSILAPDILRSDQEEAEGPRAEEDKPDGQAHEPMPDSHVGRELTRKKGILLQYRLRSTAHLPGPLLSMREPAPADGAALEHSEEDGSIYEMADDPDIWVRSRPCARDAHRKEICSVAIISGGQGYRNFGSALGSSGRQAPCGETDSTLLIWQVPLML,1,train
TKSVVASQLIPINTALTPAMMKAKEVSPKGIPAEEMSKIVGMQVNRAVNLDETLMPDMVKTYQ,1,train
MKRKVVNTHKLRLSPNEEAFILKEDYERRRKLRLLQVREQERDIALQIREDIKQRRNQQFTRLAEELRAEWEESQTQKIQNLEKLYLASLRSMGEGHRQAKENEPDLDALAQRAAERKRKADLRHKEALKVQKNQKEILLKQKTWHIKARKEALLVEKERSAKITSLPPPPPTLFENIEVKRISAVKTNSSTYHHLHTFVNRETDTKRPDARLAAEEEAKRLEELQKQAAQERMERFEKAHVRGFQAMKKIHLAQNQEKLMKELKQLQQEDLARRRQTVAQMPPQLVELPYKRSEMKEDWQRELEFAFEDMYNADRKVKGNLILHLEPEPLPTVTNQIQDEELDLSMEQENLGAAEDLPVTEAEICSSETDVPLVMKTQQIPSKVLFKKLLNKIRSQKSLWTIKSMSEDESEMITTVSEIESKAPTVESGTIASKERTLSSGQEQVVESDTLTIESGPLASEDKPLSCGTNSGKEQEINETLPITTVAQSSVLLHPQEAAARIRMSARQKQIMEIEEQKQKQLELLEQIEQQKLRLETDCFRAQLEEEKRKKTQPTGVGIAPASCPVISDEDSHRQMIRNYQHQLLQQNRLHRQSVETARKQLLEYQTMLKGRCPSVSAPSLITDSVISVPSWKSERPTAISEHWDQGQRLKLSPNKYQPIQPIQTSKLEQDHFQVARQNHFPQRQVETTETLRASDILTNQALESQEHLRQFSQTETQQRDYKLVPKDSETLSRALSHDRQLISQDARKISETFGATTFQSLESQQLFSENSENISYHLTEPSSFVPLVPQHSFSSLPVKVESGKIQEPFSAMSKSTVSTSHSIISQMHDRPLLPSENITAQQGNMKALQEQLDLQKKVLQATQEAQEQLLLCKQKEVEQQTGLSVFLPLVTPDSSALLPSAKADLGRIQESSPTKNNIAVSSDHHVISQLQDKRLSLSQPILSQQNNFKFLQEQLNIQKDSLQARREAQEVLYVHKQSELDRRVCSEQAEPSFPFQVAQHTFTSLPSADTKSGKIQEQHSSKSEKGLVSCQSDIPISQDGSLSFLQQFLPLHDSLKLLQEQLTKQRDTLQARHEAQVELLLHRQRDLGDSKSGLVSSSSSPVVVQHSVASQASAKAEPRRIQELYLSEKENVGPSCHLIIPTFQDKSLSFPQHSLAQQENLTILQEQSQIQRVILGAKEGTQEFVHTESELEKRISSEQTGTSSSLSQVDESERFQECISIKSDSTIPLSHPKIPRCQERLLRVSQHMLPLQDNLEEHQAWLDTEKEAFHFSQKTQENTSSEQTGSSSFIPQLVQLSFTSLASAESGTILEPLFTESESKIFSSHLQIPQLQDRLLRISQLIQPQQDNLKALQEQLATQREAIILARQEAREELLLHQSEWEGRISPEQVDTSSLPLVPQHSFASLPLNESERNQEPCSINSDNIVSSGHSEIPTLPDGLLGLSHLVLPQQDNLIALEEHLHAQTDFLPSIEKTQKELVLSKPCKFEEKVSSEHFIQSHHGDLQALQQQLDTQKKAIRSIQEVQEELLLQRLSELEKRVSSEQVCSSSFVSQVPVADSERTQKSFPTKSNDTLPSSHREIPRLQDRLLSLSKPILPQQDNMTAQLDAQREVMYSYEKPQEELSLNKQRKLNKSESAEHTIPSLFLPKETEHSFIPLPFAEAKPKSTCELYSSQNEHAAPPSNPVIPGFQDRLLSFSQSVLTQQDNLGLQKQLDLQREVLHYSQKAQEKLLVQRQTALQQQIQKHEETLKDFFKDSQISKPTVENDLKTQKMGQLRDWFPNTQDLAGNDQENIRHADRNNSDDNHLASEDTSAKQSGEHLEKDLGRRSSKPPVAKVKCGLDLNQHELSAIQEVESPAIGRTSILGKPGIYEDRDPLRVSISREQSFFGSPLAHDPFSCLQLVGQENVCGDDYDEAVKLKESVVENHAVLSYAVEEEHAYLGPTVKPDDKAKTLSYEPLSSATVSTGSLLSYENTDLSLTDPESFSEHMDDSKQESTTSKEEETNIISSIVPSTQDIYQRQNSSDVHKSLLPAVDETTCGHTHFQQMIDKYINEANLIPEKTDLQELEHIFPNLHHQLFKPLEPHPDFDLSSSSSGISPDNRDFYQRSDSSSESHCATGLSKSTVYFTALRRTSMHSSLNTSPNQQPDTNLAHVGAHSFATENIIGGSEQCFEQLQPEYSSQEESQHADLPSIFSIEARDSSQGMKNQNYPSEEHTEILQNKKKIVHFQLSIGNLSSVYSSSDEANVFDQLNVQHSTPCGSNSSECSTKHQLESRKESMGFEELSKRGVVTMLQSQGLIEDNKNETCRVLDINPQVEETDSRLCVRTVEMGTSIQAPYSLTTQNEKYFENSAETDIPKITKKLSQLGESELFASSGSFSLQSSIPVWETETGHGIMEEPELTLISTTDTSIAEMDFANLTLEEKSENEAKCFFQVSEFLPLVSATEASDYPAVSELSIEKPRTASTETPRRLTPVPGSLQEAFIKRKKSFMERSHQRQKEIRNKIHVSENSQIKTVKEKPSISSSVSRLKGVNKVRASFPEDRKTTQALRHQRGLRLYNQLAEVKQQKEEKTKQEAYAQNRARAKEFHKKTLEKLRAKNTC,1,train
MSPAAQLAKAAARSTCMTRLPSGIRVATAPSNSHFAAVGVYVDAGPIYETSIDRGVSHFVSSLAFKSTHGATESQVLKTMAGLGGNLFCTATRESILYQGSVLHHDLPRTVQLLADTTLRPALTEEEIAERRATIAFEAEDLHSRPDAFIGEMMHAVAFGGRGLGNSIFCEPQRARNMTSDTIREYFATYLHPSRMVVAGTGVAHAELVDLVSKAFVPSSTRAPSSVTHSDIETAYVGGSHQLVIPKPPPTHPNYEQTLTHVQVAFPVPPFTHPDMFPVSTLQVLMGGGGAFSAGGPGKGMYSRLYTNVLNRYRWMESCAAFQHAYSSTSLFGISASCVPSFNPHLCNVLAGEFVHMARNLSDEEVARAKNQLKSSLLMNLESQVITVEDIGRQVLAQNQRLEPLELVNNISAVTRDDLVRVAEALVAKPPTMVAVGEDLTKLTDIKETLAAFNASGEALQPVGSAGSFGRVTM,0,train
MMADGAAAGAGGSPSLRELRARMVAAANEIAKERRKQDVVNRVATHSSNIRSTFKPVIDGSMLKNDIKQRLARERREEKRRQQDANKETQLLEKERKTKLQYEKQMEERQRKLKERKEKEEQRRIAAEEKRHQKDEAQKEKFTAILYRTLERRRLADDYQQKRWSWGGSAMANSESKTANKRSASTEKLEQGTSALIRQMPLSSAGLQNSVAKRKTDKERSSSLNRRDSNLHSSTDKEQAERKPRVTGVTNYVMQYVTVPLRKCTSDELRAVMFPMSTMKIPPQTKVEESPLEKVETPPKASVDAPPQVNVEVFCNTSMEASPKAGVGMAPEVSTDSFPVVSVDVSPVVSTYDSEMSMDASPELSIEALPKVDLETVPKVSIVASPEASLEAPPEVSLEALPEVSVEAAPEGSLEAPPKGSAEVAPKESVKGSPKESMEASPEAMVKASPKTSLEASMEASPKAKARDAPKKSEMDKQALIPIAKKRLSSYTECYKWSSSPENACGLPSPISTNRQIQKNCPPSPLPLISKQSPQTSFPYKIMPIQHTLSVQSASSTVKKKKETVSKTTNRCEALSQRHMIYEESGNKSTAGIMNAEAATKILTELRRLAREQREKEEEERQREEMQQRVIKKSKDMAKEAVGGQAEDHLKLKDGQQQNETKKKKGWLDQEDQEAPLQKGDAKIKAQEEADKRKKEHERIMLQNLQERLERKKRIEEIMKRTRKTDVNASKVTETSSHDIYEEAEADNEESDKDSLNEMFPSAILNGTGSPTKFKMPFNNAKKMTHKLVFLEDGTSQVRKEPKTYFNGDLKNFRQKSMKDTSIQEVVSRPSSKRMTSHTTKTRKADETNTTSRSSAQTKSEGFHDILPKSSDTFRQ,1,train
MQCLAAALKDETNMSGGGEQADILPANYVVKDRWKVLKKIGGGGFGEIYEAMDLLTRENVALKVESAQQPKQVLKMEVAVLKKLQGKDHVCRFIGCGRNEKFNYVVMQLQGRNLADLRRSQPRGTFTLSTTLRLGKQILESIEAIHSVGFLHRDIKPSNFAMGRLPSTYRKCYMLDFGLARQYTNTTGDVRPPRNVAGFRGTVRYASVNAHKNREMGRHDDLWSLFYMLVEFAVGQLPWRKIKDKEQVGMIKEKYEHRMLLKHMPSEFHLFLDHIASLDYFTKPDYQLIMSVFENSMKERGIAENEAFDWEKAGTDALLSTSTSTPPQQNTRQTAAMFGVVNVTPVPGDLLRENTEDVLQGEHLSDQENAPPILPGRPSEGLGPSPHLVPHPGGPEAEVWEETDVNRNKLRINIGKSPCVEEEQSRGMGVPSSPVRAPPDSPTTPVRSLRYRRVNSPESERLSTADGRVELPERRSRMDLPGSPSRQACSSQPAQMLSVDTGHADRQASGRMDVSASVEQEALSNAFRSVPLAEEEDFDSKEWVIIDKETELKDFPPGAEPSTSGTTDEEPEELRPLPEEGEERRRLGAEPTVRPRGRSMQALAEEDLQHLPPQPLPPQLSQGDGRSETSQPPTPGSPSHSPLHSGPRPRRRESDPTGPQRQVFSVAPPFEVNGLPRAVPLSLPYQDFKRDLSDYRERARLLNRVRRVGFSHMLLTTPQVPLAPVQPQANGKEEEEEEEEDEEEEEEDEEEEEEEEEEEEEEEEEEEEEEEAAAAVALGEVLGPRSGSSSEGSERSTDRSQEGAPSTLLADDQKESRGRASMADGDLEPEEGSKTLVLVSPGDMKKSPVTAELAPDPDLGTLAALTPQHERPQPTGSQLDVSEPGTLSSVLKSEPKPPGPGAGLGAGTVTTGVGGVAVTSSPFTKVERTFVHIAEKTHLNVMSSGGQALRSEEFSAGGELGLELASDGGAVEEGARAPLENGLALSGLNGAEIEGSALSGAPRETPSEMATNSLPNGPALADGPAPVSPLEPSPEKVATISPRRHAMPGSRPRSRIPVLLSEEDTGSEPSGSLSAKERWSKRARPQQDLARLVMEKRQGRLLLRLASGASSSSSEEQRRASETLSGTGSEEDTPASEPAAALPRKSGRAAATRSRIPRPIGLRMPMPVAAQQPASRSHGAAPALDTAITSRLQLQTPPGSATAADLRPKQPPGRGLGPGRAQAGARPPAPRSPRLPASTSAARNASASPRSQSLSRRESPSPSHQARPGVPPPRGVPPARAQPDGTPSPGGSKKGPRGKLQAQRATTKGRAGGAEGRAGAR,1,train
MSLRFSGGSRHVGIQSGSLRPPSGGAGFAGSSVAGGSVAGSGFSWALGGTLGSAPGGSHATGALGNVSGVCFIGSEGGLLSGNEKVTMQNLNNRLASYLDNVKALEEANSELERKIKTWHEKYGPGSCRGLDRDYSKYHLTIEDLKSKIISSTAANANIILQIDNARLAADDFRLKYENELTLHQNVEADINGLRRVLDELTLCRTDQELQYESLSEEMTYLKKNHEEEMKVLQCAAGGNVNVEMNAAPGVDLTVLLNNMRAEYEALAEQNRRDAEAWFQEKSATLQQQISNDLGAATSARTELTELKRSLQTLEIELQSLSATKHSLECSLAETEGNYCSQLAQIQAQISALEEQLHQVRTETEGQKLEHEQLLDIKAHLEKEIETYCRLIDGDENSCSVSKGFESGTSGNSPKDVSKTTLVKTVVEEIDQRGKVLSSRIHSIEEKMSKMSNGKAEQRVPF,1,train
MWLFLGIAGLLTAVLSGLPSPAPSGQHKNGTIPNMTLDLEERLGIRLVNGSSRCSGSVKVLLESWEPVCAAHWNRAATEAVCKALNCGDSGKVTYLMPPTSELPPGATSGNTSSAGNTTWARAPTERCRGANWQFCKVQDQECSSDRRLVWVTCAENQAVRLVDGSSRCAGRVEMLEHGEWGTVCDDTWDLQDAHVVCKQLKCGWAVKALAGLHFTPGQGPIHRDQVNCSGTEAYLWDCPGRPGDQYCGHKEDAGVVCSEHQSWRLTGGIDSCEGQVEVYFRGVWSTVCDSEWYPSEAKVLCRSLGCGSAVARPRGLPHSLDGRMYYSCKGQEPALSTCSWRFNNSNLCSQSRAARVVCSGSQRHLNLSTSEVPSRVPVTIESSVPVSVKDKDSQGLTLLILCIVLGILLLVSTIFIVILLLRAKGQYALPASVNHQQLSTANQAGINNYHPVPITIAKEAPMLFIQPRVPADSDSSSDSDYEHYDFSSQPPVALTTFYNSQRHRVTEEEAQQNRFQMPPLEEGLEELHVSHIPAADPRPCVADVPSRGSQYHVRNNSDSSTSSEEGYCNDPSSKPPPWNSQAFYSEKSPLTEQPPNLELAGSPAVFSGPSADDSSSTSSGEWYQNFQPPPQHPPAEQFECPGPPGPQTDSIDDDEEDYDDIGAA,0,train
MEETQPPPQPKLPLCDSLMIWLQTFNTASPCQDVKQLTSGVAMAQVLHQIDAAWFNESWLSRIKEDVGDNWRIKASNVKKVLQGIMSYYHEFLGQQISEALIPDLNQITECSDPVELGRLLQLILGCAINCEKKQEHIQNIMTLEESVQHVVMTAIQELMSKEILSSPPNDAVGELEQQLKRALEELQEALAEKEELRQRCEELDMQVTTLQDEKNSLVSENEMMNEKLDQLDGSFDDPNTVVAKKYFHAQLQLEQLQEENFRLEAAKDDYRVHCEELEKQLIEFQHRNDELTSLAEETRALKDEIDVLRATSDKANKLESTVEIYRQKLQDLNDLRKQVKTLQETNMMYMHNTVSLEEELKKANAARTQLETYKRQVQDLHVKLSSESKRADTLAFEMKRLEEKHEALLKEKERLIEQRDTLKETNEELRCSQVQQDHLNQTDASATKSYENLAAEIMPVEYREVFIRLQHENKMLRLQQEGSENERIEELQEQLEQKHRKMNELETEQRLSKERIRELQQQIEDLQKSLQEQGSKSEGESSSKLKQKLEAHMEKLTEVHEELQKKQELIEDLQPDINQNVQKINELEAALQKKDEDMKAMEERYKMYLEKARNVIKTLDPKLNPASAEIMLLRKQLAEKERRIEILESECKVAKFRDYEEKLIVSAWYNKSLAFQKLGMESRLVSGGGACSDTGACTPARSFLAQQRHITNTRRNLSVKVPATTSD,1,train
TKCYKTGDRIISEACPPGQDLCYMKTWCDVFCGTRGRVIELGCTATCPTVKPHEQITCCSTDNCNPHPKMKQ,1,train
MKTLLLTLVVVTIVCLDLGYTLKCYVGRKPYKLITCPEGSKKCATVPLPTRPLPIFSKGCYTSCPSQYVKCCSTDLCNGSPTSG,1,train
MSLNLSAEEQTAFDQLFKIADKQDIGVITGEEAVPFLEKSGLAPQVLGQIWQIADAENRGFLTFSGFVIAMRLVALAQEKLPFDYKKSGKIPYFADIHISGVDSSKFVQLNRPNNVSSGDGSDGSFLPPISSDEMTRYQQMFTTVCPTDGLMDGDRASSIFGRAPLSTEILARVWNLVDTHKRGALDIREFNTGMHIINLLLNGSLKSPPVSISPSFIASAASTSSVSAPSQYPGLSRSPPVQAPNIPVSDPWAIPSQDLTSFCQLFSNVDKAHKGYVSGSEAYSFFLASKLPEDVLAQIWDLSDTNSNGKLNIGEFCISLYLIKLKLSGKELPKVLPSSMLSSVAPLMQKSKSVPTSIPSVVPANISSPNPNPTLAPNPTGPSRVTSGTEDLLSLDATPFSPTLAPQHTSSNATKHSAPPVTKSAPFPVVSPLQLNHTPGFPTSPAAKPNSPTSTFFPQSSFGQTIAKNTMDKPSAVRTSVPSQLAAPIPQVASAEQLKLAAEVPKLESQLSQVKKSNDDLQKSSRDVAANLSDVKAKVSEIRKAYDEELAKAKQISLDIETNKAQTEQVNREYSILEATLNALQKQNKQKGEVLEQVVAESEAAKNMVESSNASIQQLKSEVADKEQTLAQLHLQLDEMTQRLVSLDEESKAVSQRKLDLEYKINNSKTQLATATEEYHEHSKQLEAEKQELSKLEDGLKSVNLTEEAPKPEVDSTPRFPSFTSNGITTDKPTLPDTTSSVPTQHNSFDAMHNTLRSPSLNSNNSSAHASTVSRNPFHNLKISGASSPVSNFWESEFASAVFPRSISKTTSLSVNNSSVNPSLDSEPVQLSNMEEPQHQDSSVVDVSTSASQRGSPVLSDLSKLTGSARNTAEPVENTSAEPIENTSAPTPFEIANKQQATEPISAPFATETISTPAPVKPPVPPSRRDRSAQDGVVQQATPHIQDEFPPIQFNEIDDDESSSDEEPPMSNLSPQISIGSVTNYTSAVTELPDPNHQLEMSTTTHVQHPNSETIPSSTENQYFDTTSGAFEANSNTEVTVNSNEVSQPFDFDTANESDNDDDELPVQQVVSGSLANDAFNVDDEFDNQFANLQAAEIKDDDNSSTDEEEHAGHH,1,train
MFRTAVMMAASLALTGAVVAHAYYLKHQFYPTVVYLTKSSPSMAVLYIQAFVLVFLLGKVMGKVFFGQLRAAEMEHLLERSWYAVTETCLAFTVFRDDFSPRFVALFTLLLFLKCFHWLAEDRVDFMERSPNISWLFHCRIVSLMFLLGILDFLFVSHAYHSILTRGASVQLVFGFEYAILMTMVLTIFIKYVLHSVDLQSENPWDNKAVYMLYTELFTGFIKVLLYMAFMTIMIKVHTFPLFAIRPMYLAMRQFKKAVTDAIMSRRAIRNMNTLYPDATPEELQAMDNVCIICREEMVTGAKRLPCNHIFHTSCLRSWFQRQQTCPTCRMDVLRASLPAQSPPPPEPADQGPPPAPHPPPLLPQPPNFPQGLLPPFPPGMFPLWPPMGPFPPVPPPPSSGEAVAPPSTSAAALSRPSGAATTTAAGTSATAASATASGPGSGSAPEAGPAPGFPFPPPWMGMPLPPPFAFPPMPVPPAGFAGLTPEELRALEGHERQHLEARLQSLRNIHTLLDAAMLQINQYLTVLASLGPPRPATSVNSTEETATTVVAAASSTSIPSSEATTPTPGASPPAPEMERPPAPESVGTEEMPEDGEPDAAELRRRRLQKLESPVAH,0,train
MVLIRVLANLLLLQLSYAQESSELVIGGDECDINEHPFLVALHTARSKRFHCAGTLLNKEWVLTAARCDRKNIRIKFGVHNKNVQNEDEEMRVPKEKHFCVSSKTYTRWDKDIMLIRLKRPVNDGTHIAPLSLPSNPPSVGSVCRIMGWGSITTTKVTYPDVPHCANIKLFDYSVCRDAYKGLPEKSRTLCAGILEGGIDSCKVDNGGPLICNGQFQGIGSWEGHPCAQPLKPALYTNVFEYTDWIEGIIARNTTVTCPP,1,train
MMKTVLLLVVLVGVAYCDDDGWDMGNFFQQYHQWQQQISSSSSSSSSSGGGGSSGGGASGGGGGGGSSGGGGASGGGGGGSSGGGGLTKVVLKAGGGGRGGGGIVKSVGGGGGGVTKLVAAGGASGGGSVSGGGGGGLALLAGGSAAGGGRSGVVTVSKQPIIINRQVTHVNTGGSGGGVGGGFGGGRGGFGYGLYGGHHHYNPCGYGQVYSYYYGCQSIYKQPARQVYHQPIYQPVQTVYQPVQYYQQPYQYQHSYGQASHAYQPQTTKYISYSYPQYSSQGSYPIVAGGSAGGFASARSGGFGLSSGGIGGHSSYPLSVFKHAKGEKYKL,1,train
MAMATRAIRYQLPSPRFRAPRCESSEPIKQIQIQQRPRGGDLAENGKIVLQPRLCTLRSYGSDMVIAKKDGGDGGGGGSDVELASPFFETLTDYIESSKKSQDFETISGRLAMIVFAVTVTEEIVTGNSLFKKLDVEGLSEAIGAGLAAMGCAAMFAWLTISRNRVGRIFTVSCNSFIDSLVDQIVDGLFYDTKPSDWSDDL,0,train
MDASNNTTSWNILQRGRMGPSWRRCPVSYQIIASLFLGRSFSAGIFGNACVIAAIALERSLQNVANYLIGSLAVTDLMVSVLVLPMAAQNQVLNKWTLGQVTCDIFISLDVLCCTSSILHLCAIALDRYWAITDPIDYVNKRTPRRAAVLISITWIVGFSISIPPMLGWRTPEDRSDPNACRISEDPGYTIYSTFGAFYIPLILMLVLYGKIFKAARFRIRKTVKKAEKKKVADTCLSVSQQSPKEKQRGAQQELEEVGGAQAQRCVNGAIRHGEEGAVLEIIEVHHYVNSKCHLHCKPVPPPEQLPPALKNDRATEAKRKVALARERKTVKTLGIIMGTFILCWLPFFIVALVLPFCETCHMPHLLFDIITWLGYSNSLLNPIIYAYFNKDFQSAFKKIIKCKFCRQ,0,train
MSAAPLDYKKALEHLKTYSSKDGLSVQELMDSTTRGGLTYNDFLVLPGLVNFPSSAVSLQTKLTKKITLNTPFVSSPMDTVTEADMAIYMALLGGIGFIHHNCTPKEQASMVKKVKMFENGFINSPIVISPTTTVGEVKVMKRKFGFSGFPVTEDGKCPGKLVGLVTSRDIQFLEDDSLVVSEVMTKNPVTGIKGITLKEGNEILKQTKKGKLLIVDDNGNLVSMLSRADLMKNQNYPLASKSATTKQLLCGAAIGTIEADKERLRLLVEAGLDVVILDSSQGNSVFQLNMIKWIKETFPDLEIIAGNVATREQAANLIAAGADGLRIGMGSGSICITQEVMACGRPQGTAVYNVCQFANQFGVPCMADGGVQNIGHITKALALGSSTVMMGGMLAGTTESPGEYFYKDGKRLKAYRGMGSIDAMQKTGNKGNASTSRYFSESDSVLVAQGVSGAVVDKGSIKKFIPYLYNGLQHSCQDIGCESLTSLKENVQNGEVRFEFRTASAQLEGGVHNLHSYEKRLYN,1,train
MDRRNGGDPLAPPRPPKLLPRVHRPRAPEPTLSGVDHNAGATASALASGASSAAPVAIHNNNSQQQLSISAAASNNNTISIIPASPDFDDYQIHHLTFLPQRPSSLSRNSSTASSTTATGISVSGSGSVSGSSSSFTRRRPPAPVPLNNSISNNNNNSINNNFLSHFQSAEPASNALGQPPASPVTLAQPRPESERLTNEYVDTPLQHATRSQHPAGQQDNGQTTTHHLLLLPQRNQHLHLQQHQQHLQQQQQQQQQQQQQQHLQHQQNQQHARLATTTQATSVGSDHTDGLLHSHLQNSTTKPPASKQPAPPRLGMGLGLGLGLGLNQPIITKQPTPATQKERMHALEELLQPGGAGGNGGPLVMAGDPSLLNPIVCPRCGRCRCEQCQSPRPLPQTWVCNKTCLCSAESVIDYASCLCCAKALFYHCARDNDLDCDDGNGTPCVDNPCSCGPYKRTQRWGWLGALSIFLPCLWFYWPMRGCMKLCEKCYGRFAGRGCRCQGIGGGGAGSGGGVGSIGSTSSMLPIVPLGVNGSGLGGGVSLSGGVTDGGLNQANGKAMDHGCSAARSILRKGDLTPEKRLLDSSPDY,0,train
MKTLLLSLVVLTIACLDLGYTKTCFNDDLTNPKTTELCRHSMYFCFKNSWIAGGVERIERGCSLTCPDIKYNGKYIYCCTRDNCNA,1,train
MGRSNEQDLLSTEIVNRGIEPSGPNAGSPTFSVRVRRRLPDFLQSVNLKYVKLGYHYLINHAVYLATIPVLVLVFSAEVGSLSREEIWKKLWDYDLATVIGFFGVFVLTACVYFMSRPRSVYLIDFACYKPSDEHKVTKEEFIELARKSGKFDEETLGFKKRILQASGIGDETYVPRSISSSENITTMKEGREEASTVIFGALDELFEKTRVKPKDVGVLVVNCSIFNPTPSLSAMVINHYKMRGNILSYNLGGMGCSAGIIAIDLARDMLQSNPNSYAVVVSTEMVGYNWYVGSDKSMVIPNCFFRMGCSAVMLSNRRRDFRHAKYRLEHIVRTHKAADDRSFRSVYQEEDEQGFKGLKISRDLMEVGGEALKTNITTLGPLVLPFSEQLLFFAALLRRTFSPAAKTSTTTSFSTSATAKTNGIKSSSSDLSKPYIPDYKLAFEHFCFHAASKVVLEELQKNLGLSEENMEASRMTLHRFGNTSSSGIWYELAYMEAKESVRRGDRVWQIAFGSGFKCNSVVWKAMRKVKKPTRNNPWVDCINRYPVPL,0,train
MSHPSTVTSEPSNLLDFVPKLGNFVLNSSLHGNNSNGYSSFSSNSVHFGGLATQNRYKFVNSLSFSKEGSNLKRILSDFNRVIRLHCDRIPLGFSSIGLNSGESNGVSDNGHGVLEDVRVPVNAVEPESPKRVLILMSDTGGGHRASAEAIKAAFNEEFGDDYQVFVTDLWSEHTPWPFNQLPRSYNFLVKHGPLWKMMYYGTSPRVIHQSNFAATSVFIAREVARGLMKYQPDIIISVHPLMQHVPLRILRGRGLLEKIVFTTVVTDLSTCHPTWFHKLVTRCYCPSNEVAKRATKAGLQPSQIKVYGLPVRPSFVRSVRPKNELRKELGMDEHLPAVLLMGGGEGMGPIEATARALGNALYDANLGEPTGQLLVICGRNKKLAGKLSSIDWKIPVQVKGFVTKIEECMGACDCIITKAGPGTIAEAMIRGLPIILNDYIAGQEAGNVPYVIENGIGKYLKSPKEIAKTVSQWFGPKANELQIMSQNALKHARPDAVFKIVHDLDELVRQKIFVRQYSCAA,0,train
MASSTGLTVAGALLAGDFRLPAVSSLIPRKTSSSLSCLSNRDLSSPYNCCWRLSRGKILTSLSNSRKFAVGKEAEDGFLSNVSEDTDEMFDDLFNKYGKVVFRSTDVKSPTAEVDDDAESLAFAVELAKVASDVKAGDIKVLFVKPLVYWTRFFIIATAFSRPQIDAIGSRMRDLAEKKYGKVANGDVKPNSWTLLDFGDVVIHLFLPPQRTFYNLEDFYGNAMQIELPFEDQSQPRN,1,train
MVATFNPAVGSHVWVEDPDEAWLDGEVVEINGDQIKVLCASGKQVVVKDSNIYPKDVEAPASGVEDMTRLAYLHEPGVLQNLQSRYDINEIYTYTGSILIAVNPFRRLPHLYSSHMMTQYKGASLGELSPHPFAVADAAYRQMVNEGVSQSILVSGESGAGKTESTKLLMRYLAFMGGRGAATEGRTVEQKVLESNPVLEAFGNAKTVKNNNSSRFGKFVEIQFDQSGRISGAAIRTYLLERSRVCQVSDPERNYHCFYMLCAAPEEDAKKFKLGDPKIYHYLNQSKCIQLDAMNDAEEYHATKKAMDVVGISSEEQDAIFRVVASILHLGNIEFAKGTEIDSSIPRDEKSWFHLKTAAELLMCNEKSLEDSLCKRIMATRDETITKTLDPEAALLSRDALAKVMYSRLFDWLVEKINTSIGQDPDSKYLIGVLDIYGFESFKTNSFEQFCINLTNEKLQQHFNQHVFKMEQEEYKKEEINWSYIEFVDNQDILDLIEKKPGGIIALLDEACMFPRSTHETFAQKLYQTYKNHKRFTKPKLARSDFTICHYAGDVTYQTELFLDKNKDYVIAEHQALLNASTCSFVANLFPPVSDDSKQSKFSSIGTRFKQQLVSLLEILNTTEPHYIRCIKPNNLLKPGIFENQNVLQQLRCGGVMEAIRISCAGYPTRKHFDEFLNRFGIIAPQVLDKNSNEPAACKKLLDKAGLEGYQIGKSKVFLRAGQMADLDTRRTEILGRSASIIQRKVRSYLAQKTFIQLRISATQIQAVCRGYLARSIYEGMRREAAALKIQRDLRKFLARKAYTELFSATILIQAGMRGMVSRKELCLRRQTKAATIIQTRCRVYLARLHYRKLKKAAITTQCAWRGKVARKELKNLKMAARETGALQEAKNKLEKQVEELTWRLQLEKRMRTDLEEAKKQENAKYESSLEEIQNKFKETEALLIKEREAAKTVSEVLPIIKEVPVVDQELMEKLTNENEKLKGMVSSLEIKIDETAKELHETARISQDRLKQALAAESKVAKLKTAMQRLEEKISDMETEKQIMLQQTILNTPVKSVAGHPPTATIKNLENGHRTNLENQFNEVEVNGNAGKSAAERQLENVDTLIDCVKENIGFSNGKPIAAFTIYKCLLHWKCFESEKTSAFDRLIEMIGSAIENEDDNGHLAYWLTNTSALLFLLQKSLKPAGAGATASKKPPITTSLFGRMALSFRSSPNLAAAAEAAALAVIRPVEAKYPALLFKQQLAAYVEKIFGMIRDNLKKELSALISMCIQAPRISKGGIQRSARSLGKDSPAIHWQSIIDGLNSLLAILKDNYVPLVLIQKIHTQTFSFVNVQLFNSLLLRKECCTFSNGEFVKSGLAELELWCGQVNEYAGPSWDELKHIRQAVGFLVIHQKYRVSYDDIVHDLCPILSVQQLYRICTLYWDDCYNTRSVSQEVISSMRALMTEESNDADSNSFLLDDNSSIPFSIDEISNSMHEKDFASVKPAKELLENPEFVFLH,1,train
MEEQGIQCAPPPPAASQTGVPLTNLSHNCSADGYIYQDSIALPWKVLLVALLALITLATTLSNAFVIATVYRTRKLHTPANYLIASLAVTDLLVSILVMPISTMYTVTGRWTLGQVVCDFWLSSDITCCTASIMHLCVIALDRYWAITDAVEYSAKRTPKRAAIMIVLVWVFSISISLPPFFWRQAKAEEEMLDCFVNTDHVLYTVYSTVGAFYLPTLLLIALYGRIYVEARSRILKQTPNKTGKRLTRAQLITDSPGSTSSVTSINSRAPDVPSESGSPVYVNQVKVRVSDALLEKKKLMAARERKATKTLGIILGAFIVCWLPFFIISLVMPICKDACWFHMAIFDFFNWLGYLNSLINPIIYTMSNEDFKQAFHKLIRFKCAG,0,train
MLEDTQLVWVRDAAEGYIQGRITEIGAKEFEVTPTDRKYPKRTCHFDDIHSSCDGPQDHDDNCELMLLNEATFLDNLKTRYYKDKIYTYVANILIAVNPYREIKELYAPDTIKKYNGRSLGELPPHVFAIADKAIRDMRVYKLSQSIIVSGESGAGKTESTKYLLKYLCYSHDSAGPIETKILDANPVLEAFGNAKTTRNNNSSRFGKFIEVHYDAKCQVVGGYISHYLLEKSRICTQSAEERNYHVFYMLLAGAPQQLRDKLSLGKPDDYRYLSGCTQYFANAKTEQLIPGSQKSKNHQQKGPLKDPIIDDYQHFHNLDKALGRLGLSDTEKLGIYSLVAAVLHLGNIAFEEIPDDVRGGCQVSEASEQSLTITSGLLGVDQTELRTALVSRVMQSKGGGFKGTVIMVPLKIYEASNARDALAKAIYSRLFDRIVGLINQSIPFQASNFYIGVLDIAGFEYFTVNSFEQFCINYCNEKLQKFFNDNILKNEQELYKREGLNVPEITFTDNQDIIELIEAKSNGIFTLLDEESKLPKPSYSHFTAEVHKSWANHYRLGLPRSSRLKAHRTLRDEEGFLVRHFAGAVCYNTEQFIEKNNDALHASLEGLVQECDNPLLQTLFPSGSSTSVRGKLNFISVGSKFKTQLGELMEKLEQNGTNFIRCIKPNSKMIDRQFEGSLALAQLKCSGTISVLELMEHGYPSRVLFADLYSMYKSVLPPELVSLPARTFCEAMFQSLNLSAKDFKFGITKVFFRPGKFVEFDRIMRSDPENMLAIVAKVKKWLIRSRWVKSALGALCVIKLRNRIIYRNKCVLIAQRIARGFLARKQHRPRYQGIGKINKIRTNTLKTIEIASGLKMGREEIISGVNDIYRQIDDAIKKIKMNPRITQREMDSMYTVVMANMNKLTVDLNTKLKEQQQAEEQERLRKIQEALEAERAAKEAEEQRQREEIENKRLKAEMETRRKAAEAQRLRQEEEDRRAALALQEQLEKEAKDDAKYRQQLEQERRDHELALRLANESNGQVEDSPPVIRNGVNDASPMGPNKLIRSENVRAQQQALGKQKYDLSKWKYSELRDAINTSCDIELLEACRQEFHRRLKVYHAWKAKNRKRTTMDENERAPRSVMEAAFKQPPLVQPIQEIVTAQHRYFRIPFMRANAPDNTKRGLWYAHFDGQWIARQMELHADKPPILLVAGTDDMQMCELSLEETGLTRKRGAEILEHEFNREWERNGGKAYKNLGAAKPNGPAAAMQKQQ,1,train
MECLRSLPCLLPRAMRLPRRTLCALALDVTSVGPPVAACGRRANLIGRSRAAQLCGPDRLRVAGEVHRFRTSDVSQATLASVAPVFTVTKFDKQGNVTSFERKKTELYQELGLQARDLRFQHVMSITVRNNRIIMRMEYLKAVITPECLLILDYRNLNLEQWLFRELPSQLSGEGQLVTYPLPFEFRAIEALLQYWINTLQGKLSILQPLILETLDALVDPKHSSVDRSKLHILLQNGKSLSELETDIKIFKESILEILDEEELLEELCVSKWSDPQVFEKSSAGIDHAEEMELLLENYYRLADDLSNAARELRVLIDDSQSIIFINLDSHRNVMMRLNLQLTMGTFSLSLFGLMGVAFGMNLESSLEEDHRIFWLITGIMFMGSGLIWRRLLSFLGRQLEAPLPPMMASLPKKTLLADRSMELKNSLRLDGLGSGRSILTNR,0,train
MDIEKIEDLKKFVASCEENPSILLKPELSFFKDFIESFGGKIKKDKMGYEKMKSEDSTEEKSDEEEEDEEEEEEEEEDDDPEKLELIKEEAVECPPLAPIIEGELSEEQIEEICKLKEEAVDLVENKKYEEALEKYNKIISFGNPSAMIYTKRASILLNLKRPKACIRDCTEALNLNVDSANAYKIRAKAYRYLGKWEFAHADMEQGQKIDYDENLWDMQKLIQEKYKKIYEKRRYKINKEEEKQRLKREKELKKKLAAKKKAEKMYKENNKRENYDSDSSDSSYSEPDFSGDFPGGMPGGMPGMPGGMGGMGGMPGMPGGFPGMPGGMPGGMPGGMGGMPGMPGGMPGGMGGMPGMPGGMPDLNSPEMKELFNNPQFFQMMQNMMSNPDLINKYASDPKYKNIFENLKNSDLGGMMGEKPKP,1,train
MGQCVTKCKNPSSTLGSKNGDREPSNKSHSRRGAGHREEQVPPCGKPGGDILVNGTKKAEAATEACQLPTSSGDAGRESKSNAEESSLQRLEELFRRYKDEREDAILEEGMERFCNDLCVDPTEFRVLLLAWKFQAATMCKFTRKEFFDGCKAISADSIDGICARFPSLLTEAKQEDKFKDLYRFTFQFGLDSEEGQRSLHREIAIALWKLVFTQNNPPVLDQWLNFLTENPSGIKGISRDTWNMFLNFTQVIGPDLSNYSEDEAWPSLFDTFVEWEMERRKREGEGRGALSSGPEGLCPEEQT,0,train
MKPEKLFSGLGTSDGEYGVVNSENISIDAMQDNRGECHRRSIEMHANDNLGLVSQRDCTNRPKITPQECLSETEQICHHGENRTKAGLDVDDAETGGDHTNESRVDECCAEKVNDTETGLDVDSCCGDAQTGGDHTNESCVDGCCVRDSSVMVEEVTGSCEAVSSKEQLLTSFEVVPSKSEGLQSIHDIRETTRCNTNSNQHTGKGRLCIESSDSTLKKRSCKVSRQKIEVSSKPECCNISCVERIASRSCEKRTFKGSTNVGISGSSSTDSLSEKFFSEQYSRMYNRYSSILKNLGCICNYLRTLGKESCCLPKVRFCSGEGASKKTKYSYRNSSGCLTKKKTHGDKERLSNDNGHADFVCSKSCCTKMKDCAVTSTISGHSSSEISRIVSMEPIENHLNLEAGSTGTEHIVLSVSGMSCTGCESKLKKSFGALKCVHGLKTSLILSQAEFNLDLAQGSVKDVIKHLSKTTEFKYEQISNHGSTIDVVVPYAAKDFINEEWPQGVTELKIVERNIIRIYFDPKVIGARDLVNEGWSVPVSIAPFSCHPTIEVGRKHLVRVGCTTALSIILTIPILVMAWAPQLREKISTISASMVLATIIQFVIAGPFYLNALKSLIFSRLIEMDLLIVLSTSAAYIFSIVSFGYFVVGRPLSTEQFFETSSLLVTLIMVGRFVSELARHRAVKSISVRSLQASSAILVDKTGKETEINIRLLQYGDIFKVLPDSRIPTDGTVISGSSEVDEALITGESMPVPKKCQSIVVAGSVNGTGTLFVKLSKLPGNNTISTIATMVDEAKLTKPKIQNIADKIASYFVPTIIGITVVTFCVWIAVGIRVEKQSRSDAVIQAIIYAITVLIVSCPCVIGLAVPIVFVIASGVAAKRGVIFKSAESIEVAHNTSHVVFDKTGTLTEGKLTVVHETVRGDRHNSQSLLLGLTEGIKHPVSMAIASYLKEKGVSAQNVSNTKAVTGKRVEGTSYSGLKLQGGNCRWLGHNNDPDVRKALEQGYSVFCFSVNGSVTAVYALEDSLRADAVSTINLLRQRGISLHILSGDDDGAVRSMAARLGIESSNIRSHATPAEKSEYIKDIVEGRNCDSSSQSKRPVVVFCGDGTNDAIGLTQATIGVHINEGSEVAKLAADVVMLKPKLNNILTMITVSQKAMFRVKLNFLWSFTYNLFAILLAAGAFVDFHIPPEYAGLGELVSILPVIFVAILLRYAKI,0,train
MPPAIGGPVGYTPPDGGWGWAVLVGAFISIGFSYAFPKSITVFFKEIEVIFSATTSEVSWISSIMLAVMYAGGPISSILVNKYGSRPVMIAGGCLSGCGLIAASFCNTVQELYLCIGVIGGLGLAFNLNPALTMIGKYFYKKRPLANGLAMAGSPVFLSTLAPLNQAFFDIFDWRGSFLILGGLLLNCCVAGSLMRPIGPEQVKLEKLKSKESLQEAGKSDANTDLIGGSPKGEKLSVFQTINKFLDLSLFTHRGFLLYLSGNVVMFFGLFTPLVFLSSYGKSKDFSSEKSAFLLSILAFVDMVARPSMGLAANTKWIRPRIQYFFAASVVANGVCHLLAPLSTTYVGFCVYAGVFGFAFGWLSSVLFETLMDLIGPQRFSSAVGLVTIVECCPVLLGPPLLGRLNDMYGDYKYTYWACGVILIIAGIYLFIGMGINYRLLAKEQKAEEKQKREGKEDEASTDVDEKPKETMKAAQSPQQHSSGDPTEEESPV,0,train
MAFLKKSLFLVLFLGLVSLSICEEEKRETEEEEYNQEDDDKSEEKRFLSLIPTAINAVSALAKHFG,1,train
MDPLNLSWYDDDLERQNWSRPFNGSDGKADRPHYNYYATLLTLLIAVIVFGNVLVCMAVSREKALQTTTNYLIVSLAVADLLVATLVMPWVVYLEVVGEWKFSRIHCDIFVTLDVMMCTASILNLCAISIDRYTAVAMPMLYNTRYSSKRRVTVMISIVWVLSFTISCPLLFGLNNADQNECIIANPAFVVYSSIVSFYVPFIVTLLVYIKIYIVLRRRRKRVNTKRSSRAFRAHLRAPLKGNCTHPEDMKLCTVIMKSNGSFPVNRRRVEAARRAQELEMEMLSSTSPPERTRYSPIPPSHHQLTLPDPSHHGLHSTPDSPAKPEKNGHAKDHPKIAKIFEIQTMPNGKTRTSLKTMSRRKLSQQKEKKATQMLAIVLGVFIICWLPFFITHILNIHCDCNIPPVLYSAFTWLGYVNSAVNPIIYTTFNIEFRKAFLKILHC,0,train
MVDPGPITPGQVSFLLGVIPIFVGWIYSELLEYRKSWVPLKPHSDNNLVELGDVAEKDDDKADLLEGGLARSPSVKFHNSSIRTNIIRFLSMEDSFLLEHRATLRAMSEFGAILIYFYICDRTELLGDSTKNYNRDLFLFLYVLLIIVSAMTSLRKHNDKSPISGKSILYLNRHQTEEWKGWMQVLFLMYHYFAAAEIYNAIRIFIAAYVWMTGFGNFSYYYVRKDFSVARFAQMMWRLNFFVAFCCIVLNNDYMLYYICPMHTLFTLMVYGALGIFSKYNEIGSVMALKIFSCFLVVFLLWEIPGAFEIFWGPLTFLLGYNDPAKPDLHRLHEWHFRSGLDRYIWIIGMIYAYYHPTVERWMEKLEDCETKKRLSIKAAIVTITVLVGYVWYECIYKLDRTSYNMYHPYTSWIPITVYICLRNFTHQLRSVSLTLFAWLGKITLETYISQFHIWLRSNMPDGQPKWLLSIIPGYPMLNFMLTTAIYVLVSHRLFELTNTLKTVFVPTKDNKRLFSNFIAGIAIALPLYCFSFVLLQIHR,0,train
MFPLGSVVEVITGERGFVRYAGEVENRKGVYVGLELLPEFAEFGKNRGVVDGREYFKTKNNEKTGIFVPFDKCKLASSISSSPSPKIDGTAASIGMGFPPMSPNLQSSIPRLTNVSSSSNLSMNTISSTALTPTEKILQKRIEDLLYERQNHQQQLEEVLATVDQLQSLVTNFNDQQDEVDELRERITLKEERIQQMRNEASQRRFEFKTTIECLEESSNRAIETYENRIAELEAQLEMYMSGKSEDDLLFSLQQERDYALNQVEILQERVDTLMKQKANSSTANEKLSHMESSSPTLTNASFESPKRGKGSNDLPENHPQRRQTLEFYEIEIEVLREKVEKLQALSDEKDFYISKLEKSLDRNDTTPVPSDEKLSNYAAEKENLVSRISELEHTIEQLTINNERDNERMSPAEFELETTQEVEENDSDSHDDEETWCEVCETNNHSLQECPTVFGSTDEA,1,train
MLGRLKDQLNMTLAQGQEEAKNRRRQFQEEDQLRRNNKSSNKLSQNEEDAKNMDSVVQKLNELQNNVVAFQKLLQEKTPLSSIQDLEGFREFMENLEHRYEMTVSEVRRLSHEVNDLQTDRENLKHQFEDQIEKLNSEISNQNSLILQKKDELEKSIQRCSELEEKINSLESAQSIEQEVISSLKDDKTVETKNDVPEVSRPSTDTIGVSSALSKKKKKRNRKNQKKKSTKQNIEATTENDALSESISTPDIQKVAQSEDVDAEQDTVADSKEEERRDIANDDLIVNANAKEPMHHFSFTDLDTLLNWPKYVFHHHKIHLADTIPLVFLDLKPKEYTVDLETPKLVEELTKQLHVAESTLKENSEKFKQNSESLKSRVDNLNDYITKLQNEIDECRRNLLWAESSCETIREENQKNIKKLNDAESLKSRLLQSRTQMQTELDSYITSNSQLKDEITSLKQTVSESEAERKRLFSSAQEKQLQMKETVNKLTSLQEQNNEFDRQLKEQEEDLQNKEEELTELRKLLREQTQDSQKLRLLVEQLELERQDLKQAGENHYSNLSSDYETQIKSLESSLTNSQAECVSFQEKINELNSQIDELKLKLNEANKKYQELAISFENSNVKTQSVEPDNGLSLEALKNENQTLLKNLEDSTARYEHLQKSFKNVFNQLRKQQPSNHGRNSSVSRSSSSVEVNSKHPGSDDMLIDKEYTRNILFQFLEQRDRRPEIVNLLSILLDLSEEQKQKLLSVKY,1,train
MSRVAKYRRQVSEDPDIDSLLETLSPEEMEELEKELDVVDPDGSVPVGLRQRNQTEKQSTGVYNREAMLNFCEKETKKLMQREMSMDESKQVETKTDAKNGEERGRDASKKALGPRRDSDLGKEPKRGGLKKSFSRDRDEAGGKSGEKPKEEKIIRGIDKGRVRAAVDKKEAGKDGRGEERAVATKKEEEKKGSDRNTGLSRDKDKKREEMKEVAKKEDDEKVKGERRNTDTRKEGEKMKRAGGNTDMKKEDEKVKRGTGNTDTKKDDEKVKKNEPLHEKEAKDDSKTKTPEKQTPSGPTKPSEGPAKVEEEAAPSIFDEPLERVKNNDPEMTEVNVNNSDCITNEILVRFTEALEFNTVVKLFALANTRADDHVAFAIAIMLKANKTITSLNLDSNHITGKGILAIFRALLQNNTLTELRFHNQRHICGGKTEMEIAKLLKENTTLLKLGYHFELAGPRMTVTNLLSRNMDKQRQKRLQEQRQAQEAKGEKKDLLEVPKAGAVAKGSPKPSPQPSPKPSPKNSPKKGGAPAAPPPPPPPLAPPLIMENLKNSLSPATQRKMGDKVLPAQEKNSRDQLLAAIRSSNLKQLKKVEVPKLLQ,1,train
MTMFASLTSKMLSVSTSDHASVVSLNLFVALLCACIVIGHLLEENRWMNESITALLIGLGTGVVILLISRGKNSHLLVFSEDLFFIYLLPPIIFNAGFQVKKKQFFRNFVTIMAFGAIGTVVSCTIISLGAIQFFKKLDIGTFDLGDFLAIGAIFAATDSVCTLQVLNQDETPLLYSLVFGEGVVNDATSVVLFNAIQSFDLTHLNHEAAFQFLGNFFYLFLLSTGLGVATGLISAYVIKKLYFGRHSTDREVALMMLMAYLSYMLAELFALSGILTVFFCGIVMSHYTWHNVTESSRITTKHAFATLSFLAETFIFLYVGMDALDIEKWRFVSDSPGTSVAVSSILMGLVMLGRAAFVFPLSFLSNLAKKHQSEKISIKQQVVIWWAGLMRGAVSMALAYNKFTRSGHTELRGNAIMITSTITVCLFSTMVFGMLTKPLIRYLMPHQKATTSTTSMLSDDSTPKSIHIPLLDGEQLDSFELPGSHQDVPRPNSLRGFLMRPTRTVHYYWRQFDDAFMRPVFGGRGFVPFVPGSPTERSSHDLSKP,0,valid
MSNKIAILLLAVVVAVVACAQAQPSRRHHLVHPLLPRFLPRLHRDSNGHRVVGGFQIDVSDAPYQVSLQYFNSHRCGGSVLDNKWVLTAAHCTQGLDPSSLAVRLGSSEHATGGTLVGVLRTVEHPQYDGNTIDYDFSLMELETELTFSDAVQPVELPEHEEPVEPGTMATVSGWGNTQSAVESSDFLRAANVPTVSHEDCSDAYMWFGEITDRMLCAGYQQGGKDACQGDSGGPLVADGKLVGVVSWGYGCAQPGYPGVYGRVASVRDWVRENSGV,1,valid
MSWFADLAGRAEDLLNRVDQGAATALRKESTSNTFYSKNTDYPELHQQNTDSTYHTGQKANYISSAADNIRHQKATIIAGTANVKVGSRTGGDASHPTEHASVPRPSSHFVRRKKSEPDDELLFDFLNSSQKEPTGRVEIKKEKGKAPVLPSSQSSAVSSVTTSVTTIKATEENSGSQSPEVSSSDSMPEGHKKSTEESTVSNAISVEHSSVPSDGSMSHELSNLRLENQLLRNEVQSLNQEMASLLQRSKETQEELNEARVRVEKWNVDNSKSDRITRELRAQVDDLTEAVAAKDSQLAVLKVRLQEADQVLSSRTEALEALQSEKSRIMQDHNEGSSLQNQALQTLQERHEADATLKREQESYKQMQSEFATRLNKMEVERQNLAEAVTLAERKYSEERKKVDDLQQQVKLHRSSLESAKQELVDYKQKATRILQSKEKLINSLKEGSSFEGLDSSTASSMELEELRHERELQKEEIQKLMGQIHQLRSELQDMEAQQVSEAESAREQLQDLQDQIAKQRASKQELETELDRMKQEFHYVEEDLHRTKNTLQSRIKDREEEIQKLRNQLTNKTLSNSSQSELESRLHQLTETLIQKQTLLESLSTEKNSLVFQLERLEQQLHSAATGPSSGSSINMSGVDSGEGTRLRNVPVLFNDTETNLAGMYGKVRKAASSIDQFSIRLGIFLRRYPIARVFVIIYMALLHLWVMIVLLTYSPEMHHDQPYGK,0,valid
MAELEHLGGKRAESARMRRAEQLRRWRGSLTEQEPAERRGAGRQPLTRRGSPRVRFEDGAVFLAACSSGDTDEVRKLLARGADINTVNVDGLTALHQACIDENLDMVKFLVENRANVNQQDNEGWTPLHAAASCGYLNIAEYFINHGASVGIVNSEGEVPSDLAEEPAMKDLLLEQVKKQGVDLEQSRKEEEQQMLQDARQWLNSGKIEDVRQARSGATALHVAAAKGYSEVLRLLIQAGYELNVQDYDGWTPLHAAAHWGVKEACSILAEALCDMDIRNKLGQTPFDVADEGLVEHLELLQKKQNVLRSEKETRNKLIESDLNSKIQSGFFKNKEKMLYEEETPKSQEMEEENKESSSSSSEEEEGEDEASESETEKEADKKPEAFVNHSNSESKSSITEQIPAPAQNTFSASSARRFSSGLFNKPEEPKDESPSSWRLGLRKTGSHNMLSEVANSREPIRDRGSSIYRSSSSPRISALLDNKDKERENKSYISSLAPRKLNSTSDIEEKENRESAVNLVRSGSYTRQLWRDEAKGNEIPQTIAPSTYVSTYLKRTPHKSQADTTAEKTADNVSSSTPLCVITNRPLPSTANGVTATPVLSITGTDSSVEAREKRRSYLTPVRDEEAESLRKARSRQARQTRRSTQGVTLTDLQEAERTFSRSRAERQAQEQPREKPTDTEGLEGSPEKHEPSAVPATEAGEGQQPWGRSLDEEPICHRLRCPAQPDKPTTPASPSTSRPSLYTSSHLLWTNRFSVPDSESSETTTNTTTAKEMDKNENEEADLDEQSSKRLSIRERRRPKERRRGTGINFWTKDEDETDGSEEVKETWHERLSRLESGGSNPTTSDSYGDRASARARREAREARLATLTSRVEEDSNRDYKKLYESALTENQKLKTKLQEAQLELADIKSKLEKVAQQKQEKTSDRSSVLEMEKRERRALERKMSEMEEEMKVLTELKSDNQRLKDENGALIRVISKLSK,1,valid
MEDRETHLGTREVNETSPDLLKNTPSNIARLEDVIEQCHGRQKYLAQTRSPSDGSDVRWYFCKVPLAENELAASVPRTDVVGKSEYFRFGMRDSLAIEASFLQREDELLSLWWKEYAECSEGPKLQVNSKKKSIETPSEASVSSSLYEVEEERVGVPVKGGLYEVDLVRRHCFPVYWNGDNRRVLRGHWFARKGGLDWLPIPETVSEQLEVAYRNKVWRRRSFQPSGLFAARIDLQGSSLGLHALFTGEDDTWEAWLNVDPSGFSGIVGYTGNGIKLRRGYAGSYSPKPTQEELRQQKEEEMDDYCSQVPVRHLVFMVHGIGQKGEKSNLVDDVGNFRQITAALAERHLTSHQLSTQRVLFIPCQWRKGLKLSGEAAVDKCTLDGVRRFREMLSATVHDVLYYMSPIYCQAIIDSVSKQLNRLYLKFLKRNPDYVGKISIYGHSLGSVLSYDILCHQHNLSSPFPMDSVYKKFFPDEESPPTPAKADKPCSSHPSSNFEPEKSDQLNNPEKITGQDNNTMAKEPTVLEHHDVIQEDPSLISDSVVANVGLERRGGQEDDHHDSSGAISSQDVPDGADCRTPDSPSCSQEQSWDKESVNSNNEERIKLLQDEVNSLRSKVAQLLSENARILSDEKAKTSVAPKELNNEKVQTEDADAPTSFTPFIKYQKLEFKVDTFFAVGSPLGVFLALRNIRLGIGKGKDYWEEENAIEEMPACRRMFNIFHPYDPVAYRVEPLVCKEYLPERPVIIPYHRGGKRLHIGLQDFREDFAARSQRIMNHFDSVRTRVLTICQSKSADNLDEMEETDDEKDDRSYGSLMIERLTGTRDGRIDHMLQEKTFEHPYLQAIGAHTNYWRDQDTALFIIKHLYRELPDGPNSPTESTEGDDSPKDSSRPHSWIDRREADYDDEELPLTFSDKQITRSFSAEAKKYLKKP,0,valid
MEGTCFLRGQPLTTIPSLPSRKGFLLQRWKTNRIVRFSGFKNHSVSGKSRSFDLSLRASGPIRASSVVTEASPTNLNSKEEDLVFVAGATGKVGSRTVRELLKLGFRVRAGVRSAQRAGSLVQSVKEMKLQNTDEGTQPVEKLEIVECDLEKKDSIQPALGNASVIICCIGASEKEISDITGPYRIDYLATKNLVDAATSAKVNNFILVTSLGTNKFGFPAAILNLFWGVLCWKRKAEEALIESGLNYAIVRPGGMERPTDAYKETHNLTLALDDTLFGGQVSNLQVAELLACMAKNPQLSFSKIVEVVAETTAPLTPIEKLLEKIPSKRPYVPPPKASVATKEVKPVPTKPVTQEPTAPKEDEAPPKEKNVKPRPLSPYASYEDLKPPTSPIPNSTTSVSPAKSKEVDATQVPVEANVVPVPDSTSNVPVVEVKQVEEKKERPLSPYARYENLKPPSSPSPTASSTRKSDSLSPGPTDSDTDKSSTVAKTVTETAVATSVTETSVATSVPETAVATSVTETAAPATSKMRPLSPYAIYADLKPPTSPTPASTGPKEAASVEDNSELPGGNNDVLKTVDGNLNTIPPSTPEAVPVVSSAIDTSLASGDNTAQPKPRPLSPYTMYADMKPPTSPLPSPVTNH,0,valid
MANWISSKLKAAETILQQLDQQAADSLRKDEKSETHDEVFETSPKSGSSPVSLKDQLRKKTYEGSDSGSGSQRNSTEQKPSYLSSSKKVRKPDQSHERTSAPSQSLTQDNTKLTDNDWTELLSTPNQRTSTSTSRSPGGTSAIRGLKKDGKRHGNLGKNPLVSDGKKSSSSNVVNSRGRPQKQTNKEPSDKEVSSPSDADMKNRNAPRDIFVNSTHKESEKDVSGKTPPLDDSRRSANETLPRETSPSVGKRDGRESRRSSVWGKQVREEVSQSNVSDGLTRKESSLSSDESESDYESDSSTDSERERQREERRRRRERVFAEKVATKAVAVIKERENMVARLEGEKLSLEKIVEERAKQQAQEAAELQTNMMETLEAADLEKQKHNNTRMEVLTRLAGLEAENAELTRSLAAGQKKLETQIDQVAVLKQQVELKESTLEELKRNTFNIGGRGTTLKQLDTSRGDKFEHQMLEAEISLLTDKIGRLQDKATKLEADIEMMRKELEEPTEVEIELKRRLNQLTDHLIQKQSQVEALSSEKATILFRIEAVSRLIEENKGMSATEASSQDLEAGDWELSGSKFKPAFQDKIRSGKKHLGWLVMQLNAIFISGTVFLRRNPTAKIWAVVYLVCLHLWVLYILLSHSDASSSGELRSGAVISLENFSNSSLQ,0,valid
MMMWQRYARGAPRSLTSLSFGKASRISTVKPVLRSRMPVHQRLQTLSGLATRNTIHRSTQIRSFHISWTRLNENRPNKEGEGKNNGNKDNNSNKEDGKDKRNEFGSLSEYFRSKEFANTMFLTIGFTIIFTLLTPSSNNSGDDSNRVLTFQDFKTKYLEKGLVSKIYVVNKFLVEAELVNTKQVVSFTIGSVDIFEEQMDQIQDLLNIPPRDRIPIKYIERSSPFTFLFPFLPTIILLGGLYFITRKINSSPPNANGGGGGGLGGMFNVGKSRAKLFNKETDIKISFKNVAGCDEAKQEIMEFVHFLKNPGKYTKLGAKIPRGAILSGPPGTGKTLLAKATAGEANVPFLSVSGSEFVEMFVGVGASRVRDLFTQARSMAPSIIFIDEIDAIGKERGKGGALGGANDEREATLNQLLVEMDGFTTSDQVVVLAGTNRPDVLDNALMRPGRFDRHIQIDSPDVNGRQQIYLVHLKRLNLDPLLTDDMNNLSGKLATLTPGFTGADIANACNEAALIAARHNDPYITIHHFEQAIERVIAGLEKKTRVLSKEEKRSVAYHEAGHAVCGWFLKYADPLLKVSIIPRGQGALGYAQYLPPDQYLISEEQFRHRMIMALGGRVSEELHFPSVTSGAHDDFKKVTQMANAMVTSLGMSPKIGYLSFDQNDGNFKVNKPFSNKTARTIDLEVKSIVDDAHRACTELLTKNLDKVDLVAKELLRKEAITREDMIRLLGPRPFKERNEAFEKYLDPKSNTEPPEAPAATN,0,valid
MLQRAASNAYSWWAASHIRTKQSKWLEQSLHDMQGRVESVIKLIEEDGDSFAKRAEMYYKKRPELINFVEESYRAYRALAERYDHLSKELQTANNTIATIFPEQIQLAMDEEDEYGAPKMPKDFLQMPASGSNIPKVPPKAPIKDLKGLMSTASKQKQGKQSSKIEDAAKSGLSKNEAIEEIDKLQKDILALQTMKEFIRSSYQSSLEKFRGLENQIMEKQQKICELEDEFGEGRVIEDAEACTLMAEAALQSCQETVTQLQEKQESYTQEAREEFKKIEDACNKLNSFRHKYLGDQIDEAKVYISPIQEVDKEIESLQEKIKDQIDATSKGSLTMSQLAEKIDELVNKVVSLETAVSSQTLLLERFRAEADELQAQVQTLEDDKAALTDTHNLNIRVTAIEAKLQNIENLNKDVVNQNSCLRTHFVEARANIDHLSDKLSSVQPDEEIDGTDSSPDQVIALAEIKLEEESLKQKDHPSSAEGLKNLSTIKAEGPKNLSTIKTEGPKSLSTIKAEGPKNLSTIKAEGPKNLSTIKTEGPKSLSTIETEVPKNLSTIKTEDKEVRKQQGSSTVVSDKKTTMKHVTFAQPTPAEKGDEKVSAQSGNTSVYETHTQKSAEKDDELNWQQMLLSGLDDKENILLNEYTAILKNYKEVTKKLSDIEKKDRDTEFELTLQTRELKSAIAKRDEEIHNLRQKLSLMQQGNASENKALKEELLDPSDPSSARGLKPEDLPQIKDGDDEEDVKTILVDQRATVSPLEGKLRMSIDAILDENLDFWLRFSSAFHQIQKFKTTVHDLQNEISKARDKEMQGNSPRVDVKSEIRPLYKHMKEIQNELTVWLEQTLSLKDELERRFSALCSIQEEISKGLKEEVEDETTFSSHQAAKFQGEVLNMKHENKKVREELEAGISRVTILQEDVEKTVTQLDQEFGLTGNQSQLMQSVSKSRIPLQSFIFGTKPKKEKRSLFSRMNPNRKF,1,valid
MKTLLLTLVVVTIVCLDLGDSLICYQAYNTPQTCAPGENLCYTKTWCDYWCHVKGKRIDLGCAATCPTAKPGEDVTCCSRDKCNPHPLQRPR,1,valid
MAQPLAFILDVPETPGDQGQGPSPYDESEVHDSFQQLIQEQSQCTAQEGLELQQREREVTGSSQQTLWRPEGTQSTATLRILASMPSRTIGRSRGAIISQYYNRTVQLRCRSSRPLLGNFVRSAWPSLRLYDLELDPTALEEEEKQSLLVKELQSLAVAQRDHMLRGMPLSLAEKRSLREKSRTPRGKWRGQPGSGGVCSCCGRLRYACVLALHSLGLALLSALQALMPWRYALKRIGGQFGSSVLSYFLFLKTLLAFNALLLLLLVAFIMGPQVAFPPALPGPAPVCTGLELLTGAGCFTHTVMYYGHYSNATLNQPCGSPLDGSQCTPRVGGLPYNMPLAYLSTVGVSFFITCITLVYSMAHSFGESYRVGSTSGIHAITVFCSWDYKVTQKRASRLQQDNIRTRLKELLAEWQLRHSPRSVCGRLRQAAVLGLVWLLCLGTALGCAVAVHVFSEFMIQSPEAAGQEAVLLVLPLVVGLLNLGAPYLCRVLAALEPHDSPVLEVYVAICRNLILKLAILGTLCYHWLGRRVGVLQGQCWEDFVGQELYRFLVMDFVLMLLDTLFGELVWRIISEKKLKRRRKPEFDIARNVLELIYGQTLTWLGVLFSPLLPAVQIIKLLLVFYVKKTSLLANCQAPRRPWLASHMSTVFLTLLCFPAFLGAAVFLCYAVWQVKPSSTCGPFRTLDTMYEAGRVWVRHLEAAGPRVSWLPWVHRYLMENTFFVFLVSALLLAVIYLNIQVVRGQRKVICLLKEQISNEGEDKIFLINKLHSIYERKEREERSRVGTTEEAAAPPALLTDEQDA,0,test
MSFANTSSTFEDKMCEGNRTAMASPQLLPLVVVLSSISLVTVGLNLLVLYAVHSERKLHTVGNLYIVSLSVADLIVGAVVMPMNILYLIMTKWSLGRPLCLFWLSMDYVASTASIFSVFILCIDRYRSVQQPLRYLRYRTKTRASATILGAWFFSFLWVIPILGWHHFMPPAPELREDKCETDFYNVTWFKIMTAIINFYLPTLLMLWFYVKIYKAVRRHCQHRQLTNGSLPSFSELKLRSDDTKEGAKKPGRESPWGVLKRPSRDPSVGLDQKSTSEDPKMTSPTVFSQEGERETRPCFRLDIMQKQSVAEGDVRGSKANDQALSQPKMDEQSLNTCRRISETSEDQTLVDQQSFSRTTDSDTSIEPGPGRVKSRSGSNSGLDYIKITWKRLRSHSRQYVSGLHLNRERKAAKQLGFIMAAFILCWIPYFIFFMVIAFCKSCCSEPMHMFTIWLGYINSTLNPLIYPLCNENFKKTFKKILHIRS,0,test
RRCFNHPSSQPQTNKSCPPGENSCYNKQWRDHRGTIIERGCGCPQVKSGIKLRCCQSDDCNN,1,test
MASSSSTLPLHMYIRPLIIEDLKQILNLESQGFPPNERASEEIISFRLINCPELCSGLFIREIEGKEVKKETLIGHIMGTKIPHEYITIESMGKLQVESSNHIGIHSVVIKPEYQKKNLATLLLTDYIQKLSNQEIGNKIVLIAHEPLIPFYERVGFKIIAENTNVAKDKNFAEQKWIDMERELIKEEYDN,1,test
MGFISSILCCSSETTQSNSNSAYRQQQSSSLNKNRSVKHSNTKSRTRGVHQTNSPPSKTNSAATFSSTERSTGKSGISTNDNEKKKPSSPTAAVTATTTNNMTKVEKRISKDDLYEEKYEVDEDEEIDDEDNRRSRGIVQEKGDAVKDTSRQKKQQQQQQQQSQPQPQPQSQSQSQSQSQSQQRGPTVQVSSDHLIQDMNLSRVSSSSQASETSNDADDEDDEDEEYIDLTLLQQGQYHAPGYNTLLPPQDESTKGKKCLILDLDETLVHSSFKYLRSADFVLSVEIDDQVHNVYVIKRPGVEEFLERVGKLFEVVVFTASVSRYGDPLLDILDTDKVIHHRLFREACYNYEGNYIKNLSQIGRPLSDIIILDNSPASYIFHPQHAIPISSWFSDTHDNELLDIIPLLEDLSVKTSLDVGKILDVTI,0,test
RTCYKTPSVKPETCPHGENICYTETWCDAWCSQRGKRVELGCAATCPKVKAGVGIKCCSTDNCNPFPVWNPRG,1,test
MARSLLLPLQILLLSLALETAGEEAQGDKIIDGAPCARGSHPWQVALLSGNQLHCGGVLVNERWVLTAAHCKMNEYTVHLGSDTLGDRRAQRIKASKSFRHPGYSTQTHVNDLMLVKLNSQARLSSMVKKVRLPSRCEPPGTTCTVSGWGTTTSPDVTFPSDLMCVDVKLISPQDCTKVYKDLLENSMLCAGIPDSKKNACNGDSGGPLVCRGTLQGLVSWGTFPCGQPNDPGVYTQVCKFTKWINDTMKKHR,1,test
MVLLLILSVLLLKEDVRGSAQSSERRVVAHMPGDIIIGALFSVHHQPTVDKVHERKCGAVREQYGIQRVEAMLHTLERINSDPTLLPNITLGCEIRDSCWHSAVALEQSIEFIRDSLISSEEEEGLVRCVDGSSSFRSKKPIVGVIGPGSSSVAIQVQNLLQLFNIPQIAYSATSMDLSDKTLFKYFMRVVPSDAQQARAMVDIVKRYNWTYVSAVHTEGNYGESGMEAFKDMSAKEGICIAHSYKIYSNAGEQSFDKLLKKLRSHLPKARVVACFCEGMTVRGLLMAMRRLGLAGEFLLLGSDGWADRYDVTDGYQREAVGGITIKLQSPDVKWFDDYYLKLRPETNLRNPWFQEFWQHRFQCRLEGFAQENSKYNKTCNSSLTLRTHHVQDSKMGFVINAIYSMAYGLHNMQMSLCPGYAGLCDAMKPIDGRKLLDSLMKTNFTGVSGDMILFDENGDSPGRYEIMNFKEMGKDYFDYINVGSWDNGELKMDDDEVWSKKNNIIRSVCSEPCEKGQIKVIRKGEVSCCWTCTPCKENEYVFDEYTCKACQLGSWPTDDLTGCDLIPVQYLRWGDPEPIAAVVFACLGLLATLFVTVIFIIYRDTPVVKSSSRELCYIILAGICLGYLCTFCLIAKPKQIYCYLQRIGIGLSPAMSYSALVTKTNRIARILAGSKKKICTKKPRFMSACAQLVIAFILICIQLGIIVALFIMEPPDIMHDYPSIREVYLICNTTNLGVVTPLGYNGLLILSCTFYAFKTRNVPANFNEAKYIAFTMYTTCIIWLAFVPIYFGSNYKIITMCFSVSLSATVALGCMFVPKVYIILAKPERNVRSAFTTSTVVRMHVGDGKSSSAASRSSSLVNLWKRRGSSGETLRYKDRRLAQHKSEIECFTPKGSMGNGGRATMSSSNGKSVTWAQNEKSTRGQHLWQRLSVHINKKENPNQTAVIKPFPKSTENRGPGAAAGGGSGPGVAGAGNAGCTATGGPEPPDAGPKALYDVAEAEESFPAAARPRSPSPISTLSHLAGSAGRTDDDAPSLHSETAARSSSSQGSLMEQISSVVTRFTANISELNSMMLSTAATPGPPGTPICSSYLIPKEIQLPTTMTTFAEIQPLPAIEVTGGAQGATGVSPAQETPTGAESAPGKPDLEELVALTPPSPFRDSVDSGSTTPNSPVSESALCIPSSPKYDTLIIRDYTQSSSSL,0,test
MSRDSDPMKWYHGNLSREAADELLKQGYEDGTFLVRESSTAAGDFVLSLLCQGEVCHYQVRRHGGEDAFFSIDDKVQTKILHGLDTLVDYYQQAANGLPTKLTVPLIRDLPPHNTRSHGVTNLLHRATSKNESKVVFELLKCGYRNFDAKNQDGQTALHLAALHSDEDILKHLLNAKVQVNSSDSFGCQPLHYAARSKPASFIRTLISAQANVQGRNIDNGYVPLHEAAKHGNLEAVQELLLAEAPPLPRTSSGEFPFDLAKEAGQTAVEEFLLNYKLPPANTTRDQWYHGTLTREEAVAILKKHAKELLAKQPEVDTSGCFLVRYSESPAASGLVLTLLCDQVVKNFRISQADLYQNGNKVQSGGSKFLYIDDGPYWPSVEHLIAHFMRFSYGLPVSLKYPVPPQPKPEVPSFATIPRSNMKPKAASPATPPTPVSPHSHHQHPHVPALTITKKKQKENSSSMFNTLRLTSPKKALFDMNSLRKNKSKGKRSDSESSVSGSLAGTEQELQAAAPMLKSLSFSTEFSTFNADGVTGSGAAAAGEVYNVPRNNTPIEIDLPPIAQKTEAEVEYFTKSDVAIERERAGQWIGNGYQPTMDVLSLLDQQIKAPAVARLNSLGPNASTESEMASYLHRKCSGTPSTPSATEVEAAKLRFFIEPEKLVLDREIGHGEFGSVHSGWLLRKSGAGEESRLEVAIKMLSDEHSNKQEFLREASVMMRLEHKCIVRLIGIAKGEMLMMVQELAPLGSMLQYILDHGHEITANAELKVWASQIACGMHYLESQHFVHRDLAARNILLTARHQAKISDFGMSRSLRPGSTEYQFTQGGRWPIRWYAPESFNLGIFSHASDVWSFGVTIWEMFSLGAPPYGEISNVDAIKLVDSGERLPQPNLCPAYIYAVMQSCWKERPKDRPTFVYLTEFFARDPDYQNLPELVQTVHI,1,test
MDSTEDRETPLKDQIRRLTNENVQLQDRNERLYAKLGELQDKMGKLAGSKTDLSSKLVLSEEEKLKISKELIELQIETNKIREHYEAETFELKNTILTLENRLMSLELQKEKLAGEHESVKERLQAVDANRKELADEYIVLKSNYLALSKEHEKEVAKNDELSMELLNLASRRGQDETYSQSRALVNEATAELDRVKAMVNRLSARNIKPEDLVATEYERQKLERNLLGNQDHIREEIENMKKIHETQQQRLEERIIAMGKELQEAKRAIRNTQHKMAEQSAVLLTSQSQLQETEAQNSHLQLQLKELNEEYRSRLNRYIQDLADYVDGTARSKGDGTRMKHFVDNMLSDIKASHRSREEQLAGAARQYKKRMQNLIKKHQSLLIAYRMQREQLLASGNQDVEPGPPEHHFTITDPELQSQVGLELNRLREDKARLETQIHDLKEKKRLSDAGTSNQHVEHGGKLQEESWAEIRKQLREFTHNTQEELERERSQLLSRALVAEEQVAELQDYVDKHLARYKQEILRLRKLLGNEEQRAVSADAPQSLLIRALRRNSHEM,1,test
